Index,smiles,complexity,atoms,DelE_red(V),MW,btz,scaffold1,scaffold2,scaffold3,scaffold4,scaffold5
0,Cc1c2c(cc3nsnc13)N(C)CCN2CCN(C)C,8,20,1.27,291.1517667,1,0,1,0,0,0
1,CCN1CCN(CCOC)c2c1cc1nsnc1c2C,7,20,1.27,292.1357823,1,0,1,0,0,0
2,CCNc1c2c(cc3nsnc13)N(C)CCN2C(C)C,6,20,1.24,291.1517667,1,0,1,0,0,0
3,CCCN1CCN(CC)c2cc3nsnc3c(NCC)c21,6,21,1.22,305.1674167,1,0,1,0,0,0
4,CCNc1c2c(cc3nsnc13)N(CC)CCN2C(C)C,6,21,1.2,305.1674167,1,0,1,0,0,0
5,CCCNc1c2c(cc3nsnc13)N(CC)CCN2C,6,20,1.39,291.1517667,1,0,1,0,0,0
6,CCNc1c2c(cc3nsnc13)N(C(C)CC)CCN2C,6,21,1.22,305.1674167,1,0,1,0,0,0
7,Cc1c2c(cc3nsnc13)N(C)CCN2CC(C)C,6,19,1.27,276.1408676,1,0,1,0,0,0
8,CCCNc1c2c(cc3nsnc13)N(C)CCN2CCC,6,21,1.28,305.1674167,1,0,1,0,0,0
9,CC(C)Nc1c2c(cc3nsnc13)N(C(C)C)CCN2C,6,21,1.24,305.1674167,1,0,1,0,0,0
10,CCN1CCN(C(C)C)c2cc3nsnc3c(C)c21,6,19,1.26,276.1408676,1,0,1,0,0,0
11,CNc1c2c(cc3nsnc13)N(C(C)C)CCN2C,6,19,1.22,277.1361166,1,0,1,0,0,0
12,CCC(C)N1CCN(C)c2cc3nsnc3c(NC)c21,6,20,1.18,291.1517667,1,0,1,0,0,0
13,CCNc1c2c(cc3nsnc13)N(C(C)C)CCN2C,6,20,1.23,291.1517667,1,0,1,0,0,0
14,CCCNc1c2c(cc3nsnc13)N(C)CCN2CC,6,20,1.14,291.1517667,1,0,1,0,0,0
15,CCCN1CCN(C)c2cc3nsnc3c(NC)c21,6,19,1.26,277.1361166,1,0,1,0,0,0
16,CC(C)CNc1c2c(cc3nsnc13)N(C)CCN2C,6,20,1.24,291.1517667,1,0,1,0,0,0
17,CC(C)N1c2cc3nsnc3cc2CC1C,3,16,1.29,233.0986685,1,0,0,0,0,0
18,CCCN1CCN(C(C)C)c2cc3nsnc3c(NC)c21,6,21,1.35,305.1674167,1,0,1,0,0,0
19,CCN1CCN(CC)c2c1cc1nsnc1c2NC,6,19,1.27,277.1361166,1,0,1,0,0,0
20,CC(C)Nc1c2c(cc3nsnc13)N(C)CCN2C(C)C,6,21,1.49,305.1674167,1,0,1,0,0,0
21,CCN1CCN(CC(C)C)c2cc3nsnc3c(NC)c21,6,21,1.3,305.1674167,1,0,1,0,0,0
22,CCCNc1c2c(cc3nsnc13)N(C)CCN2C(C)C,6,21,1.08,305.1674167,1,0,1,0,0,0
23,CCCN1CCN(C(C)C)c2c1cc1nsnc1c2NC,6,21,1.19,305.1674167,1,0,1,0,0,0
24,CCN1CCN(C(C)C)c2cc3nsnc3c(NC)c21,6,20,1.18,291.1517667,1,0,1,0,0,0
25,CCN1CCN(C)c2cc3nsnc3c(NCCOC)c21,7,21,1.35,307.1466813,1,0,1,0,0,0
26,CCCCN1CCN(CC)c2cc3nsnc3c(NC)c21,6,21,1.36,305.1674167,1,0,1,0,0,0
27,CCCN1CCN(C(C)C)c2c1cc1nsnc1c2CC,6,21,1.38,304.1721678,1,0,1,0,0,0
28,CNc1c2c(cc3nsnc13)N(C)CCC2,5,16,1.28,234.0939174,1,0,0,0,0,0
29,CCCN1CCN(C)c2cc3nsnc3c(NCC)c21,6,20,1.37,291.1517667,1,0,1,0,0,0
30,CCNc1c2c(cc3nsnc13)N(CC)CCN2C,6,19,1.23,277.1361166,1,0,1,0,0,0
31,CCCN1CCN(CC)c2c1cc1nsnc1c2C,6,19,1.23,276.1408676,1,0,1,0,0,0
32,CCCNc1c2c(cc3nsnc13)N(C)CCN2C,6,19,1.24,277.1361166,1,0,1,0,0,0
33,CCNc1c2c(cc3nsnc13)N(C)CCN2CC,6,19,1.21,277.1361166,1,0,1,0,0,0
34,CCN(C)c1c2c(cc3nsnc13)N(C(C)C)CCN2C,7,21,1.16,305.1674167,1,0,1,0,0,0
35,CCCCNc1c2c(cc3nsnc13)N(CC)CCN2C,6,21,1.18,305.1674167,1,0,1,0,0,0
36,CCc1c2c(cc3nsnc13)N(CC)CCN2C(C)CC,6,21,1.22,304.1721678,1,0,1,0,0,0
37,CCc1c2c(cc3nsnc13)N(CC)CCN2CC,6,19,1.25,276.1408676,1,0,1,0,0,0
38,CCN1CCN(CC)c2c1cc1nsnc1c2C,6,18,1.31,262.1252176,1,0,1,0,0,0
39,CCC(C)N1CCN(CC)c2cc3nsnc3c(NC)c21,6,21,1.17,305.1674167,1,0,1,0,0,0
40,CCN1CCN(CC(C)C)c2c1cc1nsnc1c2NC,6,21,1.34,305.1674167,1,0,1,0,0,0
41,CCCN1CCN(C)c2c1cc1nsnc1c2NC(C)C,6,21,1.19,305.1674167,1,0,1,0,0,0
42,CCN1CCN(C)c2cc3nsnc3c(C)c21,6,17,1.24,248.1095675,1,0,1,0,0,0
43,CCCN1CCN(C)c2c1cc1nsnc1c2NC,6,19,1.23,277.1361166,1,0,1,0,0,0
44,COCCNc1c2c(cc3nsnc13)N(C)CCN2C,7,20,1.16,293.1310312,1,0,1,0,0,0
45,CCc1c2c(cc3nsnc13)N(C)CCN2C(C)C,6,19,1.29,276.1408676,1,0,1,0,0,0
46,CCCN1CCN(C(C)CC)c2c1cc1nsnc1c2C,6,21,1.17,304.1721678,1,0,1,0,0,0
47,CCCCN1CCN(CC)c2c1cc1nsnc1c2CC,6,21,1.16,304.1721678,1,0,1,0,0,0
48,CCCN1CCN(CC)c2c1cc1nsnc1c2CC,6,20,1.26,290.1565177,1,0,1,0,0,0
49,CNc1c2c(cc3nsnc13)N(C)CCN2C,6,17,1.24,249.1048165,1,0,1,0,0,0
50,CCC(C)N1CCN(C)c2c1cc1nsnc1c2NC,6,20,1.11,291.1517667,1,0,1,0,0,0
51,CCCCN1CCN(C(C)C)c2c1cc1nsnc1c2C,6,21,1.16,304.1721678,1,0,1,0,0,0
52,CCNc1c2c(cc3nsnc13)N(CC)CCN2CC,6,20,1.3,291.1517667,1,0,1,0,0,0
53,CNc1c2c(cc3nsnc13)N(C)CCN2CCOC,7,20,1.16,293.1310312,1,0,1,0,0,0
54,CCCCN1CCN(C(C)CC)c2cc3nsnc3cc21,4,21,1.05,304.1721678,1,0,1,0,0,0
55,CCCN1CCN(CC)c2c1cc1nsnc1c2C(C)C,6,21,1.3,304.1721678,1,0,1,0,0,0
56,CCCc1c2c(cc3nsnc13)N(CC)CCN2C(C)C,6,21,1.27,304.1721678,1,0,1,0,0,0
57,CCN1CCN(C)c2c1cc1nsnc1c2NC(C)C,6,20,0.98,291.1517667,1,0,1,0,0,0
58,CCCCN1CCN(C)c2cc3nsnc3c(NC)c21,6,20,1.22,291.1517667,1,0,1,0,0,0
59,CCOCCN1CCN(C)c2cc3nsnc3c(C)c21,7,20,1.41,292.1357823,1,0,1,0,0,0
60,CCN1CN(CCOC)c2c1cc1nsnc1c2C,7,19,1.02,278.1201322,1,1,0,0,0,0
61,CCc1c2c(cc3nsnc13)N(C)CCN2C(C)CC,6,20,1.26,290.1565177,1,0,1,0,0,0
62,CCNc1cc(N(C)CC)cc2nsnc12,5,16,1.23,236.1095675,1,0,0,0,0,0
63,CCCOC1N(CC)c2cc3nsnc3cc2N1CC,6,20,1.08,292.1357823,1,1,0,0,0,0
64,CCN1CCN(C)c2cc3nsnc3c(C(C)C)c21,6,19,1.23,276.1408676,1,0,1,0,0,0
65,CCC(C)N1CCN(C)c2c1cc1nsnc1c2C,6,19,1.3,276.1408676,1,0,1,0,0,0
66,CCCN1CCN(CC)c2cc3nsnc3c(NC)c21,6,20,1.19,291.1517667,1,0,1,0,0,0
67,CCCN1CCN(CC)c2c1cc1nsnc1c2NCC,6,21,1.17,305.1674167,1,0,1,0,0,0
68,CCCOC1N(C)c2cc3nsnc3cc2N1CC,6,19,1.15,278.1201322,1,1,0,0,0,0
69,CCCOC1N(C)c2cc3nsnc3cc2N1C(C)C,6,20,1.1,292.1357823,1,1,0,0,0,0
70,CCCN1CCN(C)c2cc3nsnc3c(C)c21,6,18,1.2,262.1252176,1,0,1,0,0,0
71,CC(C)Nc1c2c(cc3nsnc13)N(C)CCN2C,6,19,1.24,277.1361166,1,0,1,0,0,0
72,CNc1c2c(cc3nsnc13)N(C)CCN2CC(C)C,6,20,1.35,291.1517667,1,0,1,0,0,0
73,CCCCN1CCN(CC)c2cc3nsnc3c(CC)c21,6,21,1.31,304.1721678,1,0,1,0,0,0
74,CCCN1CCN(C(C)C)c2cc3nsnc3cc21,4,19,1.18,276.1408676,1,0,1,0,0,0
75,CCCN1CCN(CC)c2c1cc1nsnc1c2NC,6,20,1.12,291.1517667,1,0,1,0,0,0
76,CCOC1N(C)c2cc3nsnc3cc2N1C(C)C,6,19,1.11,278.1201322,1,1,0,0,0,0
77,CCOC1N(C)c2cc3nsnc3cc2N1C(C)CC,6,20,1.11,292.1357823,1,1,0,0,0,0
78,CCCCN1CCN(C(C)C)c2cc3nsnc3cc21,4,20,1.13,290.1565177,1,0,1,0,0,0
79,CCC(C)N1CCN(C)c2cc3nsnc3c(C)c21,6,19,1.22,276.1408676,1,0,1,0,0,0
80,CCCCN1CCN(C)c2cc3nsnc3c(C)c21,6,19,1.13,276.1408676,1,0,1,0,0,0
81,CCCN1c2cc3nsnc3cc2N(C)C1OC(C)C,6,20,1.12,292.1357823,1,1,0,0,0,0
82,CCN1c2cc3nsnc3cc2N(CC)C1OC,6,18,0.89,264.1044821,1,1,0,0,0,0
83,CCN1CCN(C)c2c1cc1nsnc1c2NC,6,18,1.23,263.1204665,1,0,1,0,0,0
84,CCCc1c2c(cc3nsnc13)N(C)CCN2C(C)CC,6,21,1.19,304.1721678,1,0,1,0,0,0
85,CCCCN1CCN(C)c2cc3nsnc3c(CC)c21,6,20,1.38,290.1565177,1,0,1,0,0,0
86,Cc1c2c(cc3nsnc13)N(C)CCN2C(C)C,6,18,1.15,262.1252176,1,0,1,0,0,0
87,CCN1CCc2c1cc1nsnc1c2C,5,15,1.26,219.0830184,1,0,0,0,0,0
88,CNc1c2c(cc3nsnc13)N(CC(C)C)CCN2C,6,20,1.21,291.1517667,1,0,1,0,0,0
89,CCNc1c2c(cc3nsnc13)N(C)CCN2CCOC,7,21,1.22,307.1466813,1,0,1,0,0,0
90,CCN1CCN(CC)c2c1c(C)c1nsnc1c2NC,8,20,1.29,291.1517667,1,0,1,0,0,0
91,CCC(C)Nc1c2c(cc3nsnc13)N(C)CCN2C,6,20,1.19,291.1517667,1,0,1,0,0,0
92,CCN1CC(C)c2c1cc1nsnc1c2C,5,16,1.19,233.0986685,1,0,0,0,0,0
93,Cc1c2c(cc3nsnc13)N(C)C(C)CC2,5,16,1.27,233.0986685,1,0,0,0,0,0
94,CCCN1CCN(C)c2c1cc1nsnc1c2C,6,18,1.24,262.1252176,1,0,1,0,0,0
95,CCN1CCN(CC(C)C)c2cc3nsnc3c(C)c21,6,20,1.38,290.1565177,1,0,1,0,0,0
96,CCCCN1CCN(C)c2cc3nsnc3c(CCC)c21,6,21,0.92,304.1721678,1,0,1,0,0,0
97,CCc1c2c(cc3nsnc13)N(CC)CCO2,4,17,1.27,249.0935831,1,0,0,0,0,0
98,CCN1c2cc3nsnc3cc2N(CC(C)C)C1OC,6,20,0.96,292.1357823,1,1,0,0,0,0
99,CCC(C)Nc1c2c(cc3nsnc13)N(C)CCN2CC,6,21,1.37,305.1674167,1,0,1,0,0,0
100,CCCOC1N(C)c2cc3nsnc3cc2N1CCC,6,20,1.12,292.1357823,1,1,0,0,0,0
101,CCC(C)c1c2c(cc3nsnc13)N(CC)CCN2C,6,20,1.24,290.1565177,1,0,1,0,0,0
102,CCN1CCN(CC(C)C)c2c1cc1nsnc1c2C,6,20,1.19,290.1565177,1,0,1,0,0,0
103,CCCN1CCN(C(C)C)c2cc3nsnc3c(C)c21,6,20,1.19,290.1565177,1,0,1,0,0,0
104,CCOC1N(CC)c2cc3nsnc3cc2N1C(C)C,6,20,1.14,292.1357823,1,1,0,0,0,0
105,CCOC1N(C)c2cc3nsnc3c(C)c2N1CC,8,19,0.84,278.1201322,1,1,0,0,0,0
106,CNc1c2c(cc3nsnc13)N(C)C(C)C2,5,16,1.2,234.0939174,1,0,0,0,0,0
107,CCC(C)N1c2cc3nsnc3cc2CC1C,3,17,1.32,247.1143185,1,0,0,0,0,0
108,CCCN1CCN(CCC)c2c1cc1nsnc1c2C,6,20,1.25,290.1565177,1,0,1,0,0,0
109,CCCN1CCN(CC)c2c1c(C)c1nsnc1c2C,8,20,1.36,290.1565177,1,0,1,0,0,0
110,COCCN1CCN(C)c2cc3nsnc3c(C)c21,7,19,1.21,278.1201322,1,0,1,0,0,0
111,CNc1c2c(cc3nsnc13)N(C)CCN2C(C)C,6,19,1.21,277.1361166,1,0,1,0,0,0
112,COc1c2c(cc3nsnc13)N(CC(C)C)CCN2C,6,20,1.25,292.1357823,1,0,1,0,0,0
113,CCN1CCN(C)c2c1cc1nsnc1c2NCCOC,7,21,0.96,307.1466813,1,0,1,0,0,0
114,CCN1CCc2c1cc1nsnc1c2NC,5,16,1.29,234.0939174,1,0,0,0,0,0
115,Cc1c2c(cc3nsnc13)N(C(C)C)CCO2,4,17,1.29,249.0935831,1,0,0,0,0,0
116,CCNc1c2c(cc3nsnc13)N(C)CCO2,4,17,1.28,250.0888321,1,0,0,0,0,0
117,CCCN1CCN(CC)c2cc3nsnc3c(N(C)C)c21,7,21,1.21,305.1674167,1,0,1,0,0,0
118,CCN1CCOc2c1cc1nsnc1c2C,4,16,1.26,235.077933,1,0,0,0,0,0
119,CCN1CCOc2c1cc1nsnc1c2NC,4,17,1.26,250.0888321,1,0,0,0,0,0
120,CCCN1c2cc3nsnc3cc2N(C)C1OC,6,18,1.12,264.1044821,1,1,0,0,0,0
121,CC(C)CN1c2cc3nsnc3cc2CC1C,3,17,1.28,247.1143185,1,0,0,0,0,0
122,CCN1CCN(C)c2cc3nsnc3c(NC)c21,6,18,1.23,263.1204665,1,0,1,0,0,0
123,COc1cc2nsnc2c2c1CCCN2C,5,16,1.35,235.077933,1,0,0,0,0,0
124,CC(C)CN1CCc2cc3nsnc3cc21,3,16,1.27,233.0986685,1,0,0,0,0,0
125,CNc1c2c(cc3nsnc13)N(C)CC2C,5,16,1.19,234.0939174,1,0,0,0,0,0
126,CCC(C)N1CN(C(C)CC)c2cc3nsnc3cc21,4,20,1.06,290.1565177,1,1,0,0,0,0
127,Cc1c2c(cc3nsnc13)N(CC(C)C)CN2C(C)C,6,20,1.09,290.1565177,1,1,0,0,0,0
128,CCCNc1c2c(cc3nsnc13)N(C(C)C)CCN2C,6,21,1.24,305.1674167,1,0,1,0,0,0
129,CCN1CCN(CCOC)c2cc3nsnc3c(NC)c21,7,21,1.21,307.1466813,1,0,1,0,0,0
130,CNc1c2c(cc3nsnc13)N(C)CC2,5,15,1.31,220.0782674,1,0,0,0,0,0
131,CCOc1cc2nsnc2c2c1C(C)CCN2,4,17,1.37,249.0935831,1,0,0,0,0,0
132,CCCOc1cc2nsnc2c2c1CCCN2,4,17,1.36,249.0935831,1,0,0,0,0,0
133,CCCCN1CCN(C)c2c1cc1nsnc1c2C,6,19,1.22,276.1408676,1,0,1,0,0,0
134,CCN1c2c(cc3nsnc3c2C)N(C)C1OC,8,18,1.14,264.1044821,1,1,0,0,0,0
135,CCC(C)N1CN(CC)c2c1cc1nsnc1c2C,6,19,1.13,276.1408676,1,1,0,0,0,0
136,CCNc1c2c(cc3nsnc13)N(C(C)CC)CN2C,6,20,1.03,291.1517667,1,1,0,0,0,0
137,CCN1c2cc3nsnc3c(C)c2N(C)C1OC,8,18,1.22,264.1044821,1,1,0,0,0,0
138,CCN1CN(CC)c2c1c(C)c1nsnc1c2C,8,18,1.01,262.1252176,1,1,0,0,0,0
139,CCN(C)c1cc2nsnc2c2c1OCCN2,4,17,1.54,250.0888321,1,0,0,0,0,0
140,CCOC1N(C)c2cc3nsnc3cc2N1CC(C)C,6,20,1.1,292.1357823,1,1,0,0,0,0
141,CCCN1CCN(CC(C)C)c2cc3nsnc3c(C)c21,6,21,1.25,304.1721678,1,0,1,0,0,0
142,CCCCN1CN(CCCC)c2cc3nsnc3cc21,4,20,1.13,290.1565177,1,1,0,0,0,0
143,COc1cc2nsnc2c2c1CCCN2,4,15,1.36,221.062283,1,0,0,0,0,0
144,CCCN1CN(CC)c2c1c(C)c1nsnc1c2C,8,19,1.15,276.1408676,1,1,0,0,0,0
145,CCCN1CN(CC)c2c1cc1nsnc1c2C,6,18,1.1,262.1252176,1,1,0,0,0,0
146,CNc1c2c(cc3nsnc13)N(C)CCO2,4,16,1.27,236.073182,1,0,0,0,0,0
147,COc1cc2nsnc2c2c1C(C)CCN2,4,16,1.38,235.077933,1,0,0,0,0,0
148,COC1N(C)c2cc3nsnc3c(C)c2N1C(C)C,8,19,0.8,278.1201322,1,1,0,0,0,0
149,CCCN1CCN(C)c2c1cc1nsnc1c2N(C)CC,7,21,1.32,305.1674167,1,0,1,0,0,0
150,CC(C)Oc1cc(N(C)C)c2nsnc2c1,5,16,1.29,237.0935831,1,0,0,0,0,0
151,CCCN1CN(C)c2c1cc1nsnc1c2NCC,6,19,1.22,277.1361166,1,1,0,0,0,0
152,CCNc1c(C)c(OCC)cc2nsnc12,6,16,1.67,237.0935831,1,0,0,0,0,0
153,CCN1CN(CC)c2cc3nsnc3cc21,4,16,1.12,234.0939174,1,1,0,0,0,0
154,CCNc1c2c(cc3nsnc13)N(C)CCN2CC(C)C,6,21,1.35,305.1674167,1,0,1,0,0,0
155,CCCN1CN(C(C)C)c2cc3nsnc3c(NC)c21,6,20,1.08,291.1517667,1,1,0,0,0,0
156,CCN1CN(C(C)C)c2cc3nsnc3c(NC)c21,6,19,1.01,277.1361166,1,1,0,0,0,0
157,CCCN1CCN(CC)c2c1cc1nsnc1c2N(C)C,7,21,1.21,305.1674167,1,0,1,0,0,0
158,CNc1c(C)c(OC(C)C)cc2nsnc12,6,16,1.36,237.0935831,1,0,0,0,0,0
159,CCCCN1CN(C(C)CC)c2cc3nsnc3cc21,4,20,0.78,290.1565177,1,1,0,0,0,0
160,CC(C)OC1N(C)c2cc3nsnc3cc2N1C(C)C,6,20,1.11,292.1357823,1,1,0,0,0,0
161,CCC(C)N1CN(CC)c2c1cc1nsnc1c2NC,6,20,1.29,291.1517667,1,1,0,0,0,0
162,CCC(C)N1c2cc3nsnc3cc2N(CC)C1OC,6,20,1.15,292.1357823,1,1,0,0,0,0
163,COc1cc2nsnc2c2c1OCCCC2,4,16,1.61,236.0619486,1,0,0,0,0,0
164,CCCN1CN(CC)c2cc3nsnc3cc21,4,17,1.03,248.1095675,1,1,0,0,0,0
165,CCOc1cc2nsnc2cc1OCC,4,15,1.53,224.0619486,1,0,0,0,0,0
166,CCOc1cc(N(C)C)c2nsnc2c1,5,15,1.22,223.077933,1,0,0,0,0,0
167,CC1Cc2c(c3c(c4nsnc24)NCCC3)O1,4,17,1.36,247.077933,1,0,0,0,0,0
168,COc1cc2nsnc2c2c1OC(C)CC2,4,16,1.36,236.0619486,1,0,0,0,0,0
169,CCCCN1CN(C)c2c1cc1nsnc1c2NCC,6,20,1,291.1517667,1,1,0,0,0,0
170,CCNc1c2c(cc3nsnc13)N(C)CCN2C(C)CC,6,21,1.18,305.1674167,1,0,1,0,0,0
171,CCNc1c(C)c(OC)cc2nsnc12,6,15,1.58,223.077933,1,0,0,0,0,0
172,Cc1cc2nsnc2c2c1C(C)CCN2,4,15,1.32,219.0830184,1,0,0,0,0,0
173,CCC(C)N1CN(C)c2c1cc1nsnc1c2NC,6,19,1.2,277.1361166,1,1,0,0,0,0
174,CCOc1cc2nsnc2c(NC)c1C,6,15,1.32,223.077933,1,0,0,0,0,0
175,CCC(C)N1CN(CC)c2cc3nsnc3c(NC)c21,6,20,1.38,291.1517667,1,1,0,0,0,0
176,CCN1CN(CC(C)C)c2cc3nsnc3cc21,4,18,1.14,262.1252176,1,1,0,0,0,0
177,CCCN1CN(C)c2c1cc1nsnc1c2NC(C)C,6,20,1.22,291.1517667,1,1,0,0,0,0
178,CCCCN1c2cc3nsnc3cc2N(CC)C1OC,6,20,1.1,292.1357823,1,1,0,0,0,0
179,Cc1cc2nsnc2c2c1CCC(C)N2,4,15,1.48,219.0830184,1,0,0,0,0,0
180,COc1cc2nsnc2c2c1CC(C)CN2,4,16,1.29,235.077933,1,0,0,0,0,0
181,CCN1CN(C(C)C)c2cc3nsnc3cc21,4,17,1.05,248.1095675,1,1,0,0,0,0
182,COc1cc2nsnc2cc1OCC(C)C,4,16,1.37,238.0775987,1,0,0,0,0,0
183,CNc1c2c(cc3nsnc13)N(CC(C)C)CN2C,6,19,1.24,277.1361166,1,1,0,0,0,0
185,CCOCCN1CCN(C)c2cc3nsnc3c(CC)c21,7,21,1.3,306.1514323,1,0,1,0,0,0
186,CCCN1CCN(C(C)C)c2cc3nsnc3c(OC)c21,6,21,1.42,306.1514323,1,0,1,0,0,0
187,CCNc1cc(OCC(C)C)cc2nsnc12,4,17,1.37,251.1092332,1,0,0,0,0,0
188,CCOC1N(C)c2cc3nsnc3cc2N1CC,6,18,1.14,264.1044821,1,1,0,0,0,0
189,CCNc1cc(OCC)cc2nsnc12,4,15,1.43,223.077933,1,0,0,0,0,0
190,CNc1c(N(C)C)c(OC)cc2nsnc12,7,16,1.21,238.0888321,1,0,0,0,0,0
191,CCCOc1cc2nsnc2c(NC)c1C,6,16,1.36,237.0935831,1,0,0,0,0,0
192,CC(C)CN1CN(C(C)C)c2cc3nsnc3cc21,4,19,1.03,276.1408676,1,1,0,0,0,0
193,CCN1c2cc3nsnc3c(C)c2N(CC)C1OC,8,19,1.16,278.1201322,1,1,0,0,0,0
194,CCc1c2c(cc3nsnc13)N(CC)CN2C(C)C,6,19,1.08,276.1408676,1,1,0,0,0,0
195,CCC1Oc2c(cc3nsnc3c2N(C)C)OC1C,7,19,1.44,279.1041478,1,0,0,1,0,0
196,CCCCN1CN(C(C)C)c2cc3nsnc3cc21,4,19,1.13,276.1408676,1,1,0,0,0,0
197,CCN1CN(CC(C)C)c2c1cc1nsnc1c2NC,6,20,1.24,291.1517667,1,1,0,0,0,0
198,CCc1c2c(cc3nsnc13)N(CC(C)C)CN2CC,6,20,1.2,290.1565177,1,1,0,0,0,0
199,CCCCN1CCN(C)c2c1c(C)c1nsnc1c2NC,8,21,1.52,305.1674167,1,0,1,0,0,0
200,CCN(CC)c1c2c(cc3nsnc13)OCC(C)O2,5,19,1.53,279.1041478,1,0,0,1,0,0
201,C1CNc2c(c3c(c4nsnc24)CCO3)C1,4,16,1.37,233.062283,1,0,0,0,0,0
202,CCN1CCN(C)c2c1c(NC)c1nsnc1c2C,8,19,1.27,277.1361166,1,0,1,0,0,0
203,CCCCN1CN(CC)c2c1cc1nsnc1c2C,6,19,1.14,276.1408676,1,1,0,0,0,0
204,COC1N(C)c2c(cc3nsnc3c2C)N1C(C)C,8,19,1.21,278.1201322,1,1,0,0,0,0
205,CCNc1c2c(c(C)c3nsnc13)N(CC)CCN2C,8,20,1.28,291.1517667,1,0,1,0,0,0
206,CCCc1c2c(cc3nsnc13)N(CCC)CN2CC,6,20,1.04,290.1565177,1,1,0,0,0,0
207,CCN1CN(C)c2c1c(C)c1nsnc1c2NC,8,18,1.17,263.1204665,1,1,0,0,0,0
208,CCN1c2cc3nsnc3cc2N(C)C1OC(C)C,6,19,1.14,278.1201322,1,1,0,0,0,0
209,CCc1c2c(cc3nsnc13)N(CC)C(OC)N2C,8,19,1.14,278.1201322,1,1,0,0,0,0
210,CCOc1cc(NCC(C)C)c2nsnc2c1,4,17,1.45,251.1092332,1,0,0,0,0,0
211,CCc1c2c(c(NC)c3nsnc13)N(C)CCN2CC,8,20,1.36,291.1517667,1,0,1,0,0,0
212,CCCCN1CN(C(C)C)c2c1cc1nsnc1c2C,6,20,1.01,290.1565177,1,1,0,0,0,0
213,CNc1c2c(c(C)c3nsnc13)N(C)CCN2C(C)C,8,20,1.26,291.1517667,1,0,1,0,0,0
214,CCOC1N(C)c2cc3nsnc3c(NC)c2N1C,8,19,1.14,279.1153812,1,1,0,0,0,0
215,COc1cc2nsnc2c(NC(C)C)c1C,6,16,1.07,237.0935831,1,0,0,0,0,0
216,CNc1c(C(C)C)c(OC)cc2nsnc12,6,16,1.34,237.0935831,1,0,0,0,0,0
217,CNc1c2c(c(C)c3nsnc13)N(C(C)C)CN2C,8,19,1.2,277.1361166,1,1,0,0,0,0
218,CC1CCNc2c1c1c(c3nsnc23)CCO1,4,17,1.32,247.077933,1,0,0,0,0,0
219,CCNc1cc(OC)cc2nsnc12,4,14,1.51,209.062283,1,0,0,0,0,0
220,CCCc1c2c(cc3nsnc13)N(C(C)C)CN2CC,6,20,1.14,290.1565177,1,1,0,0,0,0
221,COc1c2c(cc3nsnc13)N(C(C)C)CCN2C,6,19,1.26,278.1201322,1,0,1,0,0,0
222,CCC(C)N1CCN(C)c2c1c(NC)c1nsnc1c2C,8,21,1.26,305.1674167,1,0,1,0,0,0
223,Cc1c2c(cc3nsnc13)N(C(C)C)CN2C(C)C,6,19,0.95,276.1408676,1,1,0,0,0,0
224,CCNc1c2c(cc3nsnc13)OCCC2,4,16,1.44,235.077933,1,0,0,0,0,0
225,CCCc1c(OC)cc2nsnc2c1NC,6,16,1.38,237.0935831,1,0,0,0,0,0
226,CNc1c2c(cc3nsnc13)N(C)CN2CC(C)C,6,19,0.9,277.1361166,1,1,0,0,0,0
227,CCc1c2c(cc3nsnc13)N(C(C)CC)CN2C,6,19,1,276.1408676,1,1,0,0,0,0
228,CCc1c2c(c(C)c3nsnc13)N(CC)CN2CC,8,19,1.07,276.1408676,1,1,0,0,0,0
229,CCc1c2c(cc3nsnc13)N(CC)CN2CC,6,18,1.11,262.1252176,1,1,0,0,0,0
230,CCCNc1c2c(cc3nsnc13)OCCC2,4,17,1.45,249.0935831,1,0,0,0,0,0
231,CCC(C)N1CN(CC)c2cc3nsnc3c(C)c21,6,19,1.13,276.1408676,1,1,0,0,0,0
232,CCOc1cc(NC(C)C)c2nsnc2c1,4,16,1.59,237.0935831,1,0,0,0,0,0
233,COc1cc2nsnc2c2c1CCCCN2,4,16,1.42,235.077933,1,0,0,0,0,0
234,CCNc1c(CC)c(C)cc2nsnc12,6,15,1.49,221.0986685,1,0,0,0,0,0
235,CCC(C)N1CN(C)c2c1c(C)c1nsnc1c2C,8,19,0.99,276.1408676,1,1,0,0,0,0
236,CCOc1cc(NC(C)CC)c2nsnc2c1,4,17,1.23,251.1092332,1,0,0,0,0,0
237,CCNc1c2c(cc3nsnc13)OCC(C)C2,4,17,1.43,249.0935831,1,0,0,0,0,0
238,CCCCN1CN(CCC)c2c1cc1nsnc1c2C,6,20,1,290.1565177,1,1,0,0,0,0
239,CCN1c2c(ccc3nsnc23)CCC1C,3,16,1.52,233.0986685,1,0,0,0,0,0
240,CCNc1cc(OC(C)CC)cc2nsnc12,4,17,1.35,251.1092332,1,0,0,0,0,0
241,CCCN1CN(CC(C)C)c2cc3nsnc3cc21,4,19,1.12,276.1408676,1,1,0,0,0,0
242,Cc1c2c(cc3nsnc13)N(C(C)C)CN2C,6,17,1.13,248.1095675,1,1,0,0,0,0
243,CC(C)CN1CN(CC(C)C)c2cc3nsnc3cc21,4,20,1.1,290.1565177,1,1,0,0,0,0
244,CNc1c2c(cc3nsnc13)OC(C)CC2,4,16,1.41,235.077933,1,0,0,0,0,0
245,CNc1c(C)c2c(c3nsnc13)CC(C)O2,6,16,1.4,235.077933,1,0,0,0,0,0
246,CCc1c2c(c(C)c3nsnc13)N(C(C)C)CN2C,8,19,1.22,276.1408676,1,1,0,0,0,0
247,CCOCCN1CN(CC)c2cc3nsnc3cc21,5,19,1.06,278.1201322,1,1,0,0,0,0
248,CCN1CN(CC)c2c1cc1nsnc1c2C,6,17,1.09,248.1095675,1,1,0,0,0,0
249,CCCNc1c2c(cc3nsnc13)N(C(C)C)CN2C,6,20,1.22,291.1517667,1,1,0,0,0,0
250,CCCN1CN(CCC)c2cc3nsnc3cc21,4,18,1.04,262.1252176,1,1,0,0,0,0
251,CCCc1c(C)cc2nsnc2c1NCC,6,16,1.44,235.1143185,1,0,0,0,0,0
252,CCN1CN(C(C)C)c2c1cc1nsnc1c2C,6,18,1.25,262.1252176,1,1,0,0,0,0
253,CCCOc1cc(NC(C)C)c2nsnc2c1,4,17,1.23,251.1092332,1,0,0,0,0,0
254,CCC(C)N1CN(C)c2c1cc1nsnc1c2C,6,18,1.04,262.1252176,1,1,0,0,0,0
255,CCCCN1CN(C)c2cc3nsnc3cc21,4,17,1.11,248.1095675,1,1,0,0,0,0
256,CCN1c2cc3nsnc3cc2N(C)C1OCC(C)C,6,20,1.15,292.1357823,1,1,0,0,0,0
257,CCCN1CN(C(C)CC)c2cc3nsnc3cc21,4,19,1.11,276.1408676,1,1,0,0,0,0
258,CCNc1c2c(cc3nsnc13)N(C(C)C)CN2C,6,19,1.34,277.1361166,1,1,0,0,0,0
259,CCCN1CN(CCC)c2c1cc1nsnc1c2C,6,19,1.05,276.1408676,1,1,0,0,0,0
260,CCCN1c2cc3nsnc3c(C)c2N(C)C1OC,8,19,1.2,278.1201322,1,1,0,0,0,0
261,CCOc1c2c(cc3nsnc13)N(C(C)C)CCN2C,6,20,1.25,292.1357823,1,0,1,0,0,0
262,CNc1c(N(C)C)c(C)cc2nsnc12,7,15,1.48,222.0939174,1,0,0,0,0,0
263,CCN1CN(C)c2c1c(C)c1nsnc1c2C,8,17,1.12,248.1095675,1,1,0,0,0,0
264,CCCCN1CN(CC(C)C)c2cc3nsnc3cc21,4,20,1.07,290.1565177,1,1,0,0,0,0
265,CCN(C)c1cc(OC)cc2nsnc12,5,15,1.33,223.077933,1,0,0,0,0,0
266,CC(C)CN1CN(C)c2cc3nsnc3cc21,4,17,1.05,248.1095675,1,1,0,0,0,0
267,CCCN1CN(C(C)C)c2cc3nsnc3cc21,4,18,1.02,262.1252176,1,1,0,0,0,0
268,Cc1c2c(cc3nsnc13)N(CC(C)C)CN2C,6,18,1.11,262.1252176,1,1,0,0,0,0
269,CCCN1CN(C(C)C)c2c1cc1nsnc1c2C,6,19,1.24,276.1408676,1,1,0,0,0,0
270,CCCN1CN(C)c2c1cc1nsnc1c2C,6,17,1.12,248.1095675,1,1,0,0,0,0
271,CNc1c2c(c(C)c3nsnc13)OCCC2,6,16,1.38,235.077933,1,0,0,0,0,0
272,CNc1c2c(cc3nsnc13)OCCC2C,4,16,1.43,235.077933,1,0,0,0,0,0
273,CCNc1c2c(cc3nsnc13)OC(C)C2C,4,17,1.37,249.0935831,1,0,0,0,0,0
274,CCCN1CN(C(C)CC)c2cc3nsnc3c(C)c21,6,20,1.13,290.1565177,1,1,0,0,0,0
275,CC1CNc2c(c3c(c4nsnc24)CCO3)C1,4,17,1.43,247.077933,1,0,0,0,0,0
276,CCNc1c2c(cc3nsnc13)N(CC)CN2C,6,18,1.13,263.1204665,1,1,0,0,0,0
277,CCNc1c2c(cc3nsnc13)N(CC)CN2C(C)C,6,20,1.12,291.1517667,1,1,0,0,0,0
278,Cc1c2c(cc3nsnc13)N(C)CN2C(C)C,6,17,1.09,248.1095675,1,1,0,0,0,0
279,CCC(C)OC1N(C)c2cc3nsnc3cc2N1C,6,19,1.11,278.1201322,1,1,0,0,0,0
280,CNc1c2c(cc3nsnc13)OCCC2,4,15,1.41,221.062283,1,0,0,0,0,0
281,CCCCN1CN(CC)c2cc3nsnc3c(C)c21,6,19,0.93,276.1408676,1,1,0,0,0,0
282,CCNc1c2c(cc3nsnc13)N(CC)CN2CC,6,19,0.86,277.1361166,1,1,0,0,0,0
283,CCN1c2cc3nsnc3cc2N(C)C1OC,6,17,1.11,250.0888321,1,1,0,0,0,0
284,COc1cc(NC(C)C)c2nsnc2c1,4,15,1.23,223.077933,1,0,0,0,0,0
285,Cc1c2c(cc3nsnc13)N(C)CN2CC(C)C,6,18,1.07,262.1252176,1,1,0,0,0,0
286,CCCCN1CN(CCOC)c2cc3nsnc3cc21,5,20,1.23,292.1357823,1,1,0,0,0,0
287,CNc1cc2c(c3nsnc13)CCC(C)O2,4,16,1.28,235.077933,1,0,0,0,0,0
288,CNc1c2c(cc3nsnc13)N(C(C)C)CN2C,6,18,1.21,263.1204665,1,1,0,0,0,0
289,CCCOc1cc(NC)c2nsnc2c1,4,15,1.3,223.077933,1,0,0,0,0,0
290,CNc1c2c(cc3nsnc13)OCC(C)C2,4,16,1.41,235.077933,1,0,0,0,0,0
291,CCNc1c(N(C)C)c(C)cc2nsnc12,7,16,1.49,236.1095675,1,0,0,0,0,0
292,CCCCN1CN(CCC)c2cc3nsnc3cc21,4,19,1.08,276.1408676,1,1,0,0,0,0
293,CCC(C)N1CN(C)c2cc3nsnc3c(C)c21,6,18,0.86,262.1252176,1,1,0,0,0,0
294,CNc1c2c(c(C)c3nsnc13)N(C(C)C)CCN2C,8,20,1.35,291.1517667,1,0,1,0,0,0
295,CCN1CN(C(C)C)c2c1c(C)c1nsnc1c2C,8,19,1.17,276.1408676,1,1,0,0,0,0
296,Cc1c2c(c(C)c3nsnc13)N(C(C)C)CN2C,8,18,1.15,262.1252176,1,1,0,0,0,0
297,Cc1c2c(cc3nsnc13)N(C)C(OC(C)C)N2C,8,19,1.19,278.1201322,1,1,0,0,0,0
298,CCCCOc1cc(NC)c2nsnc2c1,4,16,1.37,237.0935831,1,0,0,0,0,0
299,CCN1CN(C)c2c1c(NC)c1nsnc1c2C,8,18,1.22,263.1204665,1,1,0,0,0,0
300,CCNc1c2c(c(OC)c3nsnc13)N(C)CCN2C,8,20,1.53,293.1310312,1,0,1,0,0,0
301,CCCOc1cc(NCC)c2nsnc2c1,4,16,1.35,237.0935831,1,0,0,0,0,0
302,CCC(C)N1CCN(CC)c2cc3nsnc3c(OC)c21,6,21,1.2,306.1514323,1,0,1,0,0,0
303,CCc1c2c(c(C)c3nsnc13)CC(C)O2,6,16,1.37,234.0826841,1,0,0,0,0,0
304,COc1cc2nsnc2c2c1C(C)(C)CN2,4,16,1.42,235.077933,1,0,0,0,0,0
305,CNc1c(C)c2c(c3nsnc13)C(C)CO2,6,16,1.39,235.077933,1,0,0,0,0,0
306,CNc1c(C)c2c(c3nsnc13)CCO2,6,15,1.4,221.062283,1,0,0,0,0,0
307,Cc1c2c(c(C)c3nsnc13)OC(C)C2,6,15,1.38,220.067034,1,0,0,0,0,0
308,CNc1cc(OC)cc2nsnc12,4,13,1.39,195.0466329,1,0,0,0,0,0
309,CNc1c2c(cc3nsnc13)CCC2C,4,15,1.63,219.0830184,1,0,0,0,0,0
310,CC(C)CNc1c2c(cc3nsnc13)C1CCC2C1,2,19,1.35,273.1299686,1,0,0,0,1,0
311,CCN1CCN(C)c2c1c(C)c1nsnc1c2NC,8,19,1.29,277.1361166,1,0,1,0,0,0
312,CNc1c2c(cc3nsnc13)N(CCOC)CCN2C,7,20,1.25,293.1310312,1,0,1,0,0,0
313,CCN1CN(C)c2c1cc1nsnc1c2NC(C)C,6,19,1.18,277.1361166,1,1,0,0,0,0
314,CCCN1CCN(CC)c2cc3nsnc3c(OC)c21,6,20,1.3,292.1357823,1,0,1,0,0,0
315,CCNc1c2c(c(CC)c3nsnc13)C1CCC2C1,4,19,1.53,273.1299686,1,0,0,0,1,0
316,CCNc1c2c(cc3nsnc13)N(C)CN2C(C)C,6,19,1.11,277.1361166,1,1,0,0,0,0
317,CNc1cc2c(c3nsnc13)CC(C)CO2,4,16,1.42,235.077933,1,0,0,0,0,0
318,CCNc1c2c(cc3nsnc13)OCC2C,4,16,1.44,235.077933,1,0,0,0,0,0
319,CCCN1CN(C)c2c1cc1nsnc1c2NC,6,18,1.27,263.1204665,1,1,0,0,0,0
320,CCCN1CCN(C)c2c1c(C)c1nsnc1c2NC,8,20,1.33,291.1517667,1,0,1,0,0,0
321,CNc1c2c(c(C)c3nsnc13)OC(C)C2,6,16,1.27,235.077933,1,0,0,0,0,0
322,CNc1c2c(cc3nsnc13)OCCN2C,4,16,1.4,236.073182,1,0,0,0,0,0
323,CCC1Cc2c(c(C)c3nsnc3c2C)O1,6,16,1.42,234.0826841,1,0,0,0,0,0
324,CCNc1c2c(cc3nsnc13)OC(C)C(C)O2,6,18,1.31,265.0884977,1,0,0,1,0,0
325,CNc1cc2c(c3nsnc13)CCCO2,4,15,1.37,221.062283,1,0,0,0,0,0
326,CCCCNc1cc(C)cc2nsnc12,4,15,1.47,221.0986685,1,0,0,0,0,0
327,CCNc1cc2c(c3nsnc13)C(C)(C)CO2,4,17,1.36,249.0935831,1,0,0,0,0,0
328,CCN1CN(C(C)C)c2c1cc1nsnc1c2NC,6,19,1.05,277.1361166,1,1,0,0,0,0
329,Cc1c2c(c(OC(C)C)c3nsnc13)OC(C)CO2,6,19,1.53,280.0881634,1,0,0,1,0,0
330,CCCCN1CN(CC)c2cc3nsnc3cc21,4,18,1.11,262.1252176,1,1,0,0,0,0
331,CCCN1CN(CC)c2cc3nsnc3c(NC)c21,6,19,1.11,277.1361166,1,1,0,0,0,0
332,CCN1CN(C)c2c1cc1nsnc1c2C,6,16,1.11,234.0939174,1,1,0,0,0,0
333,CCC1Oc2c(cc3nsnc3c2C)OC1C(C)C,6,19,1.33,278.1088988,1,0,0,1,0,0
334,CCNc1cc2c(c3nsnc13)CCO2,4,15,1.41,221.062283,1,0,0,0,0,0
335,CNc1c2c(cc3nsnc13)OC(C)C2,4,15,1.44,221.062283,1,0,0,0,0,0
336,CCN1CN(C)c2cc3nsnc3c(NC)c21,6,17,1.09,249.1048165,1,1,0,0,0,0
337,CCCNc1c2c(c(C)c3nsnc13)C1CCC2C1,4,19,1.18,273.1299686,1,0,0,0,1,0
338,CCCCN1CN(C)c2c1cc1nsnc1c2NC,6,19,1.09,277.1361166,1,1,0,0,0,0
339,CCNc1c2c(cc3nsnc13)C1CCC2C1,2,17,1.4,245.0986685,1,0,0,0,1,0
340,CCN1CN(C)c2c1cc1nsnc1c2NCC(C)C,6,20,1.09,291.1517667,1,1,0,0,0,0
341,CCN1c2cc3nsnc3c(NC)c2N(C)C1OC,8,19,1.22,279.1153812,1,1,0,0,0,0
342,CCC(C)Nc1cc(OC)cc2nsnc12,4,16,1.23,237.0935831,1,0,0,0,0,0
343,CCNc1c2c(cc3nsnc13)N(CC(C)C)CN2C,6,20,1.19,291.1517667,1,1,0,0,0,0
344,COCCN1CN(C)c2c1cc1nsnc1c2C,7,18,1.16,264.1044821,1,1,0,0,0,0
345,CCCN1CN(CC)c2cc3nsnc3c(C)c21,6,18,1.01,262.1252176,1,1,0,0,0,0
346,CCCN1CN(C)c2cc3nsnc3cc21,4,16,1.1,234.0939174,1,1,0,0,0,0
347,CCCc1cc(NCC)c2nsnc2c1,4,15,1.47,221.0986685,1,0,0,0,0,0
348,CCNc1c2c(c(CC)c3nsnc13)OC(C)CO2,6,19,1.31,279.1041478,1,0,0,1,0,0
349,CCCN1c2c(cc3nsnc3c2C)N(C)C1OC,8,19,1.11,278.1201322,1,1,0,0,0,0
350,CNc1c2c(c(C(C)C)c3nsnc13)N(C)CN2C,8,19,0.97,277.1361166,1,1,0,0,0,0
351,CCC1Oc2cc3nsnc3c(C)c2OC1C(C)C,6,19,1.42,278.1088988,1,0,0,1,0,0
352,CCCC1Oc2c(cc3nsnc3c2NC)OC1C,6,19,1.28,279.1041478,1,0,0,1,0,0
353,CC(C)CNc1c2c(cc3nsnc13)N(C)CN2C,6,19,1.37,277.1361166,1,1,0,0,0,0
354,CNc1c2c(c(C)c3nsnc13)OC(C)C(C)O2,8,18,1.44,265.0884977,1,0,0,1,0,0
355,CNc1c2c(c(C)c3nsnc13)CCN2C,7,16,1.29,234.0939174,1,0,0,0,0,0
356,Cc1c2c(c(C)c3nsnc13)C(C)(C)CO2,6,16,1.41,234.0826841,1,0,0,0,0,0
357,CCC1CNc2c1c(OC)cc1nsnc21,4,16,1.42,235.077933,1,0,0,0,0,0
358,CNc1c2c(cc3nsnc13)N(CCOC)CN2C,7,19,1.05,279.1153812,1,1,0,0,0,0
359,CNc1c2c(c(C)c3nsnc13)C1CCC2C1,4,17,1.33,245.0986685,1,0,0,0,1,0
360,CCCN1CN(C)c2c1c(C)c1nsnc1c2C,8,18,1.11,262.1252176,1,1,0,0,0,0
361,CCNc1cc2c(c3nsnc13)C(CC)CO2,4,17,1.37,249.0935831,1,0,0,0,0,0
362,CNc1c2c(c(C)c3nsnc13)N(C)CCN2C,8,18,1.38,263.1204665,1,0,1,0,0,0
363,CCCOc1cc2nsnc2c2c1OCCN2,3,17,1.35,251.0728477,1,0,0,0,0,0
364,CC1Cc2cc3nsnc3c(N(C)C)c2O1,5,16,1.45,235.077933,1,0,0,0,0,0
365,CCOc1cc2nsnc2c2c1OC(C)CO2,4,17,1.35,252.0568632,1,0,0,0,0,0
366,CCNc1c2c(cc3nsnc13)N(C)CC2,5,16,1.32,234.0939174,1,0,0,0,0,0
367,CCNc1c2c(c(C)c3nsnc13)OC(CC)CO2,6,19,1.37,279.1041478,1,0,0,1,0,0
368,CCC1COc2c1c(C)c1nsnc1c2C,6,16,1.44,234.0826841,1,0,0,0,0,0
369,CCNc1c2c(cc3nsnc13)OC(CC)CO2,5,18,1.4,265.0884977,1,0,0,1,0,0
370,CCC(C)N1CN(C)c2cc3nsnc3c(NC)c21,6,19,0.91,277.1361166,1,1,0,0,0,0
371,CCCNc1cc(CC)cc2nsnc12,4,15,1.41,221.0986685,1,0,0,0,0,0
372,CCOc1cc(NC)c2nsnc2c1CC,6,16,1.38,237.0935831,1,0,0,0,0,0
373,Cc1c2c(c(C)c3nsnc13)C(C)CO2,6,15,1.4,220.067034,1,0,0,0,0,0
374,CNc1c2c(cc3nsnc13)OCCCC2,4,16,1.43,235.077933,1,0,0,0,0,0
375,CCNc1c2c(cc3nsnc13)N(C)CN2CC(C)C,6,20,1.1,291.1517667,1,1,0,0,0,0
376,CCCN(CC(C)C)c1ccc2nsnc2c1,3,17,1.33,249.1299686,1,0,0,0,0,0
377,CCc1c2c(c(C)c3nsnc13)OCC2,6,15,1.39,220.067034,1,0,0,0,0,0
378,CCNc1c2c(c(C)c3nsnc13)OC(C)CO2,6,18,1.45,265.0884977,1,0,0,1,0,0
379,CNc1c2c(cc3nsnc13)OCC2C,4,15,1.32,221.062283,1,0,0,0,0,0
380,CNc1c2c(c(C)c3nsnc13)N(C)CN2C,8,17,1.12,249.1048165,1,1,0,0,0,0
381,CCc1c2c(c(NC)c3nsnc13)N(CC)CN2C,8,19,1.33,277.1361166,1,1,0,0,0,0
382,CNc1c2c(cc3nsnc13)C1CCC2C1,2,16,1.44,231.0830184,1,0,0,0,1,0
383,CCNc1c2c(cc3nsnc13)OC(C)C(CC)O2,6,19,1.5,279.1041478,1,0,0,1,0,0
384,C1COc2c3c(c4nsnc4c2C1)NCCO3,3,17,1.34,249.0571976,1,0,0,0,0,0
385,COCCOC1N(C)c2cc3nsnc3cc2N1C,7,19,0.86,280.0993968,1,1,0,0,0,0
386,CCC1COc2cc3nsnc3c(NC)c21,4,16,1.35,235.077933,1,0,0,0,0,0
387,CNc1c2c(cc3nsnc13)N(C)CN2CCOC,7,19,1.3,279.1153812,1,1,0,0,0,0
388,CCC1Cc2c(cc(NC)c3nsnc23)O1,4,16,1.44,235.077933,1,0,0,0,0,0
389,CCCNc1c2c(cc3nsnc13)OC(C)CO2,4,18,1.46,265.0884977,1,0,0,1,0,0
390,CC1Cc2c(cc3nsnc3c2C(C)C)O1,4,16,1.39,234.0826841,1,0,0,0,0,0
391,CCc1c2c(c(C)c3nsnc13)CCO2,6,15,1.4,220.067034,1,0,0,0,0,0
392,CCNc1c2c(cc3nsnc13)OC(C)CO2,4,17,1.25,251.0728477,1,0,0,1,0,0
393,CCCN1CN(C)c2c1c(C)c1nsnc1c2NC,8,19,1.16,277.1361166,1,1,0,0,0,0
394,CCCNc1c2c(cc3nsnc13)N(C)CN2C,6,18,1.25,263.1204665,1,1,0,0,0,0
395,CCC1Oc2cc3nsnc3c(NC)c2OC1C,6,18,1.44,265.0884977,1,0,0,1,0,0
396,Cc1c2c(c(C)c3nsnc13)OCC2,6,14,1.39,206.0513839,1,0,0,0,0,0
397,CCCCN1CN(CCC)c2cc3nsnc3c(C)c21,6,20,0.88,290.1565177,1,1,0,0,0,0
398,CCCOc1cc(N(C)C)c2nsnc2c1,5,16,1.36,237.0935831,1,0,0,0,0,0
399,CCN1CN(C)c2c1cc1nsnc1c2NC,6,17,1.14,249.1048165,1,1,0,0,0,0
400,CCCCc1cc(NCC)c2nsnc2c1,4,16,1.48,235.1143185,1,0,0,0,0,0
401,COc1cc2nsnc2c2c1OCCN2,3,15,1.37,223.0415475,1,0,0,0,0,0
402,CC(C)Oc1c2c(cc3nsnc13)OCC(C)O2,5,18,1.52,266.0725133,1,0,0,1,0,0
403,CCCN1CN(C)c2c1c(NC)c1nsnc1c2C,8,19,1.22,277.1361166,1,1,0,0,0,0
404,CNc1c2c(cc3nsnc13)OC(C)C(C)O2,6,17,1.49,251.0728477,1,0,0,1,0,0
405,CCNc1c2c(cc3nsnc13)OC(C)C2,4,16,1.19,235.077933,1,0,0,0,0,0
406,CCN1c2cc3nsnc3c(OC)c2N(C)C1OC,8,19,1.25,280.0993968,1,1,0,0,0,0
408,CNc1c2c(c(C)c3nsnc13)OC(C(C)C)CO2,6,19,1.45,279.1041478,1,0,0,1,0,0
409,Cc1c2c(cc3nsnc13)OC(C)C2C,4,15,1.59,220.067034,1,0,0,0,0,0
410,CCNc1c2c(cc3nsnc13)OC(C(C)C)CO2,5,19,1.42,279.1041478,1,0,0,1,0,0
411,CCOc1cc2nsnc2c2c1OCCN2,3,16,1.33,237.0571976,1,0,0,0,0,0
412,CCCCN1CN(CC)c2cc3nsnc3c(NC)c21,6,20,1.08,291.1517667,1,1,0,0,0,0
413,CCNc1c2c(cc3nsnc13)OCC(C(C)C)O2,4,19,1.43,279.1041478,1,0,0,1,0,0
414,CCCCN1CN(CC)c2c1cc1nsnc1c2NC,6,20,1.14,291.1517667,1,1,0,0,0,0
415,CCNc1c2c(c(C)c3nsnc13)OCC(C)O2,6,18,1.38,265.0884977,1,0,0,1,0,0
416,CCCNc1c2c(cc3nsnc13)OCC(CC)O2,5,19,1.36,279.1041478,1,0,0,1,0,0
417,CCC1Oc2c(cc3nsnc3c2C)OC1C,6,17,1.59,250.0775987,1,0,0,1,0,0
418,Cc1c2c(cc3nsnc13)OC(C)C2,4,14,1.44,206.0513839,1,0,0,0,0,0
419,CCCCNc1c2c(cc3nsnc13)N(C)CN2CC,6,20,1.11,291.1517667,1,1,0,0,0,0
420,CNc1cc2c(c3nsnc13)CCCCO2,4,16,1.32,235.077933,1,0,0,0,0,0
421,CCCNc1c2c(cc3nsnc13)N(CCC)CN2C,6,20,1.14,291.1517667,1,1,0,0,0,0
422,CCC1Cc2c(cc3nsnc3c2C)O1,4,15,1.44,220.067034,1,0,0,0,0,0
423,CCCNc1c2c(cc3nsnc13)OCC(C)O2,4,18,1.32,265.0884977,1,0,0,1,0,0
424,CCNc1c2c(c(C)c3nsnc13)OCC2,6,16,1.39,235.077933,1,0,0,0,0,0
425,CCOc1cc2nsnc2c(NC)c1OC,6,16,1.51,239.0728477,1,0,0,0,0,0
426,CCCN1CN(CC)c2c1cc1nsnc1c2NC,6,19,1.16,277.1361166,1,1,0,0,0,0
427,CCN1CN(CC(C)C)c2cc3nsnc3c(NC)c21,6,20,1.09,291.1517667,1,1,0,0,0,0
428,CNc1c2c(cc3nsnc13)OC(C(C)C)CO2,5,18,1.42,265.0884977,1,0,0,1,0,0
429,COc1c2c(cc3nsnc13)N(C)CCN2C(C)C,6,19,1.15,278.1201322,1,0,1,0,0,0
430,CCC(C)Nc1c2c(cc3nsnc13)N(CC)CN2C,6,20,1.24,291.1517667,1,1,0,0,0,0
431,CCCNc1c2c(cc3nsnc13)C1CCC2C1,2,18,1.58,259.1143185,1,0,0,0,1,0
432,CNc1c2c(cc3nsnc13)N(C)CN2C,6,16,1.27,235.0891664,1,1,0,0,0,0
433,CCCNc1c2c(c(CC)c3nsnc13)OCCO2,4,19,1.43,279.1041478,1,0,0,1,0,0
434,CCC1Oc2cc3nsnc3c(C)c2OC1CC,6,18,1.33,264.0932488,1,0,0,1,0,0
435,CCCN1CN(CCOC)c2cc3nsnc3cc21,5,19,1.02,278.1201322,1,1,0,0,0,0
436,CCc1c2c(c(NC)c3nsnc13)OCC(C)O2,6,18,1.44,265.0884977,1,0,0,1,0,0
437,CC1(C)CNc2c1c1c(c3nsnc23)CCO1,4,17,1.44,247.077933,1,0,0,0,0,0
438,CCc1c2c(c(NC)c3nsnc13)OC(C)CO2,6,18,1.31,265.0884977,1,0,0,1,0,0
439,CCc1c(OC)cc(NC)c2nsnc12,6,15,1.39,223.077933,1,0,0,0,0,0
440,CNc1c2c(c(C)c3nsnc13)OC(C)CO2,6,17,1.44,251.0728477,1,0,0,1,0,0
441,CCCCNc1cc(OC)cc2nsnc12,4,16,1.33,237.0935831,1,0,0,0,0,0
442,CCC1Cc2cc3nsnc3c(C)c2O1,4,15,1.49,220.067034,1,0,0,0,0,0
443,CNc1cc2c(c3nsnc13)C(C)(C)CO2,4,16,1.39,235.077933,1,0,0,0,0,0
444,CC(C)Nc1c2c(cc3nsnc13)N(C)CN2C,6,18,1.02,263.1204665,1,1,0,0,0,0
445,CCCNc1c2c(cc3nsnc13)N(CC)CN2C,6,19,1.05,277.1361166,1,1,0,0,0,0
446,CCC1COc2c(c(OC)cc3nsnc23)O1,4,17,1.36,252.0568632,1,0,0,0,0,0
447,CCCC1Oc2cc3nsnc3c(NC)c2OC1C,6,19,1.43,279.1041478,1,0,0,1,0,0
448,CCC(C)N1CN(CC)c2cc3nsnc3c(OC)c21,6,20,1.27,292.1357823,1,1,0,0,0,0
449,CCCOc1cc(NC)c2nsnc2c1C,6,16,1.4,237.0935831,1,0,0,0,0,0
450,CCNc1c2c(c(CC)c3nsnc13)OCCO2,5,18,1.22,265.0884977,1,0,0,1,0,0
451,CCCCC1COc2c(cc3nsnc3c2NC)O1,4,19,1.45,279.1041478,1,0,0,1,0,0
452,CNc1cc2c(c3nsnc13)C(C)CO2,4,15,1.4,221.062283,1,0,0,0,0,0
453,CCCC1COc2c(c(NC)c3nsnc3c2C)O1,6,19,1.35,279.1041478,1,0,0,1,0,0
454,COc1cc2nsnc2c2c1OC(C)CO2,4,16,1.49,238.0412132,1,0,0,0,0,0
455,CCc1c2c(cc3nsnc13)OCC(C(C)C)O2,4,18,1.52,264.0932488,1,0,0,1,0,0
456,CCC1COc2c(c(NC)c3nsnc3c2C)O1,6,18,1.37,265.0884977,1,0,0,1,0,0
457,CCCCNc1c2c(c(C)c3nsnc13)OCCO2,4,19,1.36,279.1041478,1,0,0,1,0,0
458,COCCNc1c2c(cc3nsnc13)N(C)CN2C,7,19,1.11,279.1153812,1,1,0,0,0,0
459,CCCC1COc2c(cc3nsnc3c2NC)O1,4,18,1.42,265.0884977,1,0,0,1,0,0
460,CNc1c2c(cc3nsnc13)OCC(C(C)C)O2,5,18,1.4,265.0884977,1,0,0,1,0,0
461,CCCC1COc2cc3nsnc3c(NC)c2O1,4,18,1.45,265.0884977,1,0,0,1,0,0
462,CCCCNc1c2c(cc3nsnc13)OC(C)CO2,4,19,1.29,279.1041478,1,0,0,1,0,0
463,CC(C)C1Oc2cc3nsnc3cc2OC1C(C)C,4,19,1.43,278.1088988,1,0,0,1,0,0
464,CCOc1c(OC)cc2nsnc2c1NC,6,16,1.41,239.0728477,1,0,0,0,0,0
465,CNc1c2c(c(C)c3nsnc13)OCC(C)O2,6,17,1.44,251.0728477,1,0,0,1,0,0
466,CCCC1COc2cc3nsnc3c(NCC)c2O1,5,19,1.18,279.1041478,1,0,0,1,0,0
467,CC(C)CNc1c2c(cc3nsnc13)OCCO2,3,18,1.41,265.0884977,1,0,0,1,0,0
468,CNc1c2c(cc3nsnc13)OCC2OC,5,16,1.46,237.0571976,1,0,0,0,0,0
469,CCC(C)C1COc2c(cc3nsnc3c2NC)O1,4,19,1.39,279.1041478,1,0,0,1,0,0
470,CCCNc1c2c(cc3nsnc13)OCCO2,2,17,1.44,251.0728477,1,0,0,1,0,0
471,CCCCC1COc2cc3nsnc3c(NCC)c2O1,4,20,1.27,293.1197978,1,0,0,1,0,0
472,CNc1c2c(cc3nsnc13)OCC(CCOC)O2,5,19,1.4,281.0834123,1,0,0,1,0,0
473,CCNc1c2c(c(C)c3nsnc13)N(C)CN2C,8,18,1.04,263.1204665,1,1,0,0,0,0
474,CNc1c2c(cc3nsnc13)OCC(CC(C)C)O2,4,19,1.5,279.1041478,1,0,0,1,0,0
475,CCC1Oc2cc3nsnc3c(NC)c2OC1CC,6,19,1.39,279.1041478,1,0,0,1,0,0
476,CCc1c2c(c(NC)c3nsnc13)CCO2,6,16,1.26,235.077933,1,0,0,0,0,0
477,CCC1COc2cc3nsnc3c(NC)c2O1,4,17,1.41,251.0728477,1,0,0,1,0,0
478,CCC1COc2c(c(C)c3nsnc3c2NC)O1,6,18,1.38,265.0884977,1,0,0,1,0,0
479,CCCNc1c2c(c(C)c3nsnc13)OCCO2,4,18,1.39,265.0884977,1,0,0,1,0,0
480,Cc1c2c(cc3nsnc13)OCC2(C)C,4,15,1.47,220.067034,1,0,0,0,0,0
481,CC(C)c1c2c(cc3nsnc13)OCC2C,4,16,1.52,234.0826841,1,0,0,0,0,0
482,CCCC1Oc2cc3nsnc3c(C)c2OC1CC,6,19,1.56,278.1088988,1,0,0,1,0,0
483,CCC1COc2cc(NC)c3nsnc3c21,4,16,1.39,235.077933,1,0,0,0,0,0
484,CCNc1c2c(cc3nsnc13)OCCO2,3,16,1.27,237.0571976,1,0,0,1,0,0
485,CC(C)c1c2c(cc3nsnc13)OCC2,4,15,1.42,220.067034,1,0,0,0,0,0
486,CC(C)Oc1cc2nsnc2c2c1OCCN2,3,17,1.46,251.0728477,1,0,0,0,0,0
487,CCN1CCN(C)c2c1c(NC)c1nsnc1c2OC,8,20,1.41,293.1310312,1,0,1,0,0,0
488,CCCNc1c2c(c(C)c3nsnc13)N(C)CN2C,8,19,1.27,277.1361166,1,1,0,0,0,0
489,CCN1CN(CC(C)C)c2cc3nsnc3c(OC)c21,6,20,1.1,292.1357823,1,1,0,0,0,0
490,CNc1c2c(cc3nsnc13)OCC(C)O2,4,16,1.43,237.0571976,1,0,0,1,0,0
491,CCNc1c(N(C)CC)ccc2nsnc12,5,16,1.71,236.1095675,1,0,0,0,0,0
492,CNc1c2c(cc3nsnc13)OC(C)CO2,4,16,1.37,237.0571976,1,0,0,1,0,0
493,CCN1CN(CC)c2c1cc1nsnc1c2NC,6,18,1.21,263.1204665,1,1,0,0,0,0
494,CNc1c2c(c(C)c3nsnc13)OCC2,6,15,1.35,221.062283,1,0,0,0,0,0
495,CCCNc1c2c(cc3nsnc13)OCC2,4,16,1.21,235.077933,1,0,0,0,0,0
496,CCNc1c(N(C)C)ccc2nsnc12,5,15,1.56,222.0939174,1,0,0,0,0,0
497,CCN1CN(CCN(C)C)c2cc3nsnc3cc21,6,19,1.06,277.1361166,1,1,0,0,0,0
498,CCC(C)C1COc2cc3nsnc3c(NC)c2O1,4,19,1.39,279.1041478,1,0,0,1,0,0
499,CCCOc1c2c(c(CCC)c3nsnc13)C1CCC2C1,4,21,1.38,302.1452843,1,0,0,0,1,0
500,CCC1COc2c(cc3nsnc3c2NC)O1,5,17,1.43,251.0728477,1,0,0,1,0,0
501,c1cc2nsnc2c2c1CCCN2,2,13,1.48,191.0517183,1,0,0,0,0,0
502,CCNc1c2c(c(NC(C)CC)c3nsnc13)C1CCC2C1,4,22,1.63,316.1721678,1,0,0,0,1,0
503,CCNc1c2c(c(OC(C)C)c3nsnc13)C1CCC2CC1,4,22,1.59,317.1561834,1,0,0,0,0,1
504,CCN(c1c2c(cc3nsnc13)C1CCC2C1)C(C)C,3,20,1.36,287.1456187,1,0,0,0,1,0
505,CCC(C)OCCc1c2c(cc3nsnc13)C1CCC2CC1,3,22,1.55,316.1609344,1,0,0,0,0,1
506,CC(C)c1c2c(cc3nsnc13)N(C)CCN2C,6,18,1.29,262.1252176,1,0,1,0,0,0
507,CNc1cc(OC)c(C)c2nsnc12,6,14,1.39,209.062283,1,0,0,0,0,0
509,CCN(C)c1c(OC)cc2nsnc2c1C,7,16,1.64,237.0935831,1,0,0,0,0,0
510,Cc1c2c(c(NC(C)C)c3nsnc13)OCCO2,5,18,1.15,265.0884977,1,0,0,1,0,0
511,CC1Cc2c(OC(C)C)cc3nsnc3c2N1,4,17,1.43,249.0935831,1,0,0,0,0,0
512,COc1c2c(c(C)c3nsnc13)CCC2,6,15,1.5,220.067034,1,0,0,0,0,0
513,COCCOCCc1c2c(cc3nsnc13)C1CCC2CC1,4,22,1.41,318.1401989,1,0,0,0,0,1
514,Cc1c2c(cc3nsnc13)OC(C(C)C)CO2,4,17,1.5,250.0775987,1,0,0,1,0,0
515,CCc1cc2nsnc2c2c1CCC([O-])=[NH+]2,4,16,1.71,233.062283,1,0,0,0,0,0
516,CCCN1CCCc2cc3nsnc3cc21,3,16,1.3,233.0986685,1,0,0,0,0,0
517,CN1CCc2c(ccc3nsnc23)C1,4,14,1.33,205.0673684,1,0,0,0,0,0
518,CCc1c2c(c(CCN(C)CC)c3nsnc13)C1CCC2C1,6,22,1.36,315.1769188,1,0,0,0,1,0
519,CCc1ccc(NC(C)C)c2nsnc12,4,15,1.46,221.0986685,1,0,0,0,0,0
520,CCCc1c2c(c(OC)c3nsnc13)OCCO2,4,18,1.44,266.0725133,1,0,0,1,0,0
521,Cc1cc2c(c3nsnc13)OCCN2C,4,15,1.44,221.062283,1,0,0,0,0,0
522,CCN1CN(C)c2c1c(OC)c1nsnc1c2OC,8,19,1.25,280.0993968,1,1,0,0,0,0
523,Cc1cc2nsnc2c2c1C(N(C)C)CO2,6,16,1.6,235.077933,1,0,0,0,0,0
524,C1COc2c3c(c4nsnc4c2N1)CCO3,3,16,1.39,235.0415475,1,0,0,0,0,0
525,CCN1CN(C)c2c1c(NC)c1nsnc1c2OC,8,19,1.09,279.1153812,1,1,0,0,0,0
526,Cc1cc(CC(C)C)c(C)c2nsnc12,6,15,1.52,220.1034195,1,0,0,0,0,0
527,CCN1CCN(CC)c2c1cc1nsnc1c2/[NH+]=C(\C)[O-],6,21,1.41,305.1310312,1,0,1,0,0,0
528,COc1cc2c(c3nsnc13)OC(C)CO2,4,16,1.51,238.0412132,1,0,0,0,0,0
529,CCCc1c2c(c(C(C)CC)c3nsnc13)C1CCC2C1,4,21,1.38,300.1660198,1,0,0,0,1,0
530,CCCc1cc2nsnc2c(C)c1CC,6,15,1.51,220.1034195,1,0,0,0,0,0
532,CCCCc1c2c(c(CCOC)c3nsnc13)C1CCC2C1,5,22,1.34,316.1609344,1,0,0,0,1,0
533,CCOc1c2c(cc3nsnc13)OCC(C)O2,4,17,1.56,252.0568632,1,0,0,1,0,0
535,CCCN1CN(C)c2cc3nsnc3c(CC(C)C)c21,6,20,1.17,290.1565177,1,1,0,0,0,0
536,CCCc1c2c(c(CC)c3nsnc13)C1CCC2C1,4,19,1.29,272.1347196,1,0,0,0,1,0
537,CC/C([O-])=[NH+]\c1c2c(c(OC)c3nsnc13)OCCO2,4,20,1.69,295.0626769,1,0,0,1,0,0
538,CN1CCOCc2c1ccc1nsnc21,4,15,1.48,221.062283,1,0,0,0,0,0
539,COc1cc(C)c2nsnc2c1NC(C)C,6,16,1.24,237.0935831,1,0,0,0,0,0
541,CCCc1c(OC)cc(C)c2nsnc12,6,15,1.51,222.0826841,1,0,0,0,0,0
542,COc1cc2c(c3nsnc13)OCCO2,3,15,1.52,224.0255631,1,0,0,0,0,0
543,CCC(C)c1cc(C)c(OC)c2nsnc12,6,16,1.53,236.0983341,1,0,0,0,0,0
544,CCOc1ccc2nsnc2c1NC,4,14,1.51,209.062283,1,0,0,0,0,0
545,CN(C)CCN(C)c1cccc2nsnc12,5,16,1.45,236.1095675,1,0,0,0,0,0
546,COc1c(C)cc2nsnc2c1/[NH+]=C(\C)[O-],6,16,1.74,237.0571976,1,0,0,0,0,0
547,COc1cc2c(c3nsnc13)OCC2OC,5,16,1.76,238.0412132,1,0,0,0,0,0
548,COc1c2c(c(C)c3nsnc13)CCO2,6,15,1.47,222.0462986,1,0,0,0,0,0
549,CCc1c2c(c(CC)c3nsnc13)C1CCC2CC1,4,19,1.39,272.1347196,1,0,0,0,0,1
551,CN1CC(C)(C)c2c1ccc1nsnc21,3,15,1.49,219.0830184,1,0,0,0,0,0
552,CCOc1c2c(cc3nsnc13)N(C)CN2C(C)C,6,19,1.15,278.1201322,1,1,0,0,0,0
553,COc1cc2c(c3nsnc13)[N+](C)=C([O-])C2,5,16,1.65,235.0415475,1,0,0,0,0,0
554,CCCc1c2c(c(OC)c3nsnc13)N(C)CN2C,8,19,1.18,278.1201322,1,1,0,0,0,0
555,CCOC1N(C)c2cc3nsnc3cc2N1C,6,17,0.97,250.0888321,1,1,0,0,0,0
556,CCOc1c2c(c(OC)c3nsnc13)N(C)CCN2C,8,20,1.31,294.1150468,1,0,1,0,0,0
557,CCCCc1c2c(cc3nsnc13)N(C)CCN2C,6,19,1.28,276.1408676,1,0,1,0,0,0
558,CCCOc1c2c(cc3nsnc13)N(C)CCN2C,6,19,1.36,278.1201322,1,0,1,0,0,0
559,CNc1cc(CCOC)cc2nsnc12,5,15,1.49,223.077933,1,0,0,0,0,0
560,CCCc1c(C)cc(C)c2nsnc12,6,14,1.57,206.0877694,1,0,0,0,0,0
561,CC1CCc2c(c3c(c4nsnc24)NCC3)O1,4,17,1.39,247.077933,1,0,0,0,0,0
562,CCCCNc1c2c(cc3nsnc13)N(C)CCN2C,6,20,1.23,291.1517667,1,0,1,0,0,0
563,CCCC1Oc2ccc3nsnc3c2OC1C,3,17,1.61,250.0775987,1,0,0,0,0,0
564,CCOc1c2c(c(NC)c3nsnc13)N(C)CN2C,8,19,1.27,279.1153812,1,1,0,0,0,0
565,CC(C)Cc1cc2c(c3nsnc13)CCCO2,4,17,1.49,248.0983341,1,0,0,0,0,0
566,CNc1c2c(c(CCOC)c3nsnc13)OCCO2,6,19,1.42,281.0834123,1,0,0,1,0,0
568,CC1COc2c(cc3nsnc3c2N(C)C)O1,6,17,1.46,251.0728477,1,0,0,1,0,0
569,CCc1cc2c(c3nsnc13)OCC(CC)O2,4,17,1.56,250.0775987,1,0,0,0,0,0
570,CCCCc1ccc(C(C)C)c2nsnc12,4,16,1.51,234.1190696,1,0,0,0,0,0
571,CCCOc1c2c(cc3nsnc13)OC(C)C2,4,17,1.51,250.0775987,1,0,0,0,0,0
572,CCCN1CCN(C)c2c1c(C)c1nsnc1c2CC,8,20,1.26,290.1565177,1,0,1,0,0,0
574,CCOc1cc2nsnc2c2c1CCC2,4,15,1.45,220.067034,1,0,0,0,0,0
575,CCc1c(OC)cc(N(C)C)c2nsnc12,7,16,1.33,237.0935831,1,0,0,0,0,0
576,CCc1cc2c(c3nsnc13)NCCO2,3,15,1.46,221.062283,1,0,0,0,0,0
577,CCC1COc2c1cc1nsnc1c2C,4,15,1.52,220.067034,1,0,0,0,0,0
578,CCOc1c2c(c(NC)c3nsnc13)OCC(C)O2,6,19,1.45,281.0834123,1,0,0,1,0,0
579,CCC(C)N1CCN(C(C)C)c2cc3nsnc3c(C)c21,6,21,1.33,304.1721678,1,0,1,0,0,0
580,c1cc2nsnc2c2c1OCCN2,1,13,1.52,193.0309828,1,0,0,0,0,0
581,CCCCN1CN(C)c2c1cc1nsnc1c2CCC,6,20,1.11,290.1565177,1,1,0,0,0,0
582,CCc1c2c(c(C)c3nsnc13)CC(C)C2,6,16,1.41,232.1034195,1,0,0,0,0,0
583,CCOCCN1CCN(C)c2cc3nsnc3c(OC)c21,7,21,1.35,308.1306969,1,0,1,0,0,0
584,Cc1c2c(cc3nsnc13)N(C)CCC2,5,15,1.32,219.0830184,1,0,0,0,0,0
585,CCC1Cc2c(C)cc3nsnc3c2[NH+]=C1[O-],4,17,1.67,247.077933,1,0,0,0,0,0
586,COc1cc2c(c3nsnc13)NCC(C)C2,4,16,1.46,235.077933,1,0,0,0,0,0
587,CC(C)COCCC1COc2cc3nsnc3cc2O1,3,20,1.65,294.1038134,1,0,0,1,0,0
588,Cc1cc2nsnc2c2c1OC(C(C)C)CO2,4,17,1.49,250.0775987,1,0,0,0,0,0
589,CCCc1ccc(/[NH+]=C(\C)[O-])c2nsnc12,4,16,1.72,235.077933,1,0,0,0,0,0
590,CCOc1c2c(cc3nsnc13)OCC(CC)O2,4,18,1.5,266.0725133,1,0,0,1,0,0
591,CC/C([O-])=[N+](/C)c1cccc2nsnc12,3,15,1.87,221.062283,1,0,0,0,0,0
592,CCc1c(N(C)C)ccc2nsnc12,5,14,1.46,207.0830184,1,0,0,0,0,0
593,Cc1cc2nsnc2c(OC(C)C)c1C,6,15,1.54,222.0826841,1,0,0,0,0,0
594,CCC1COc2cc3nsnc3c(NC(C)C)c2O1,4,19,1.27,279.1041478,1,0,0,1,0,0
595,Cc1cc(C(C)C)c2nsnc2c1C,6,14,1.5,206.0877694,1,0,0,0,0,0
597,Cc1c2c(c3nsnc3c1C)OCCC2,6,15,1.43,220.067034,1,0,0,0,0,0
598,COCCNc1c2c(cc3nsnc13)OC(C)CO2,5,19,1.45,281.0834123,1,0,0,1,0,0
599,CCC(C)N1CCN(C)c2cc3nsnc3cc21,4,18,1.23,262.1252176,1,0,1,0,0,0
600,COCCc1c2c(c(C)c3nsnc13)C1CCC2CC1,5,20,1.4,288.1296343,1,0,0,0,0,1
601,CCNc1ccc(CCOC)c2nsnc12,5,16,1.38,237.0935831,1,0,0,0,0,0
602,C/C([O-])=[NH+]\c1c2c(cc3nsnc13)N(C)CCN2C(C)C,6,21,1.41,305.1310312,1,0,1,0,0,0
603,CCCCc1ccc2nsnc2c1C,4,14,1.53,206.0877694,1,0,0,0,0,0
604,COc1c2c(cc3nsnc13)OCC(C)O2,4,16,1.5,238.0412132,1,0,0,1,0,0
605,CCc1ccc(NC(C)CC)c2nsnc12,4,16,1.46,235.1143185,1,0,0,0,0,0
607,CCCOc1c2c(c(C)c3nsnc13)OCC(C)O2,6,19,1.49,280.0881634,1,0,0,1,0,0
608,CCCCN(CC)c1c2c(cc3nsnc13)C1CCC2C1,3,21,1.4,301.1612687,1,0,0,0,1,0
609,COc1c2c(cc3nsnc13)C1CCC2C1,2,16,1.49,232.067034,1,0,0,0,1,0
610,CCOCCNc1c2c(c(C)c3nsnc13)C1CCC2C1,5,21,1.29,303.1405333,1,0,0,0,1,0
611,CCCCNc1cc2c(c3nsnc13)CCC2,4,17,1.43,247.1143185,1,0,0,0,0,0
612,C/C([O-])=[N+]1/CCC(C)c2ccc3nsnc3c21,3,17,1.76,247.077933,1,0,0,0,0,0
613,CCCc1c(C(C)C)ccc2nsnc12,4,15,1.61,220.1034195,1,0,0,0,0,0
614,CCN1CCN(CCOC)c2cc3nsnc3cc21,5,19,1.19,278.1201322,1,0,1,0,0,0
615,CCCc1c2c(cc3nsnc13)N(C)CN2C,6,17,1.13,248.1095675,1,1,0,0,0,0
616,CCOc1cc(OC)c2nsnc2c1CC,6,16,1.48,238.0775987,1,0,0,0,0,0
617,CCOc1c2c(cc3nsnc13)OC(C)CO2,4,17,1.56,252.0568632,1,0,0,1,0,0
618,C/C([O-])=[NH+]\c1cc2c(c3nsnc13)CC(C)O2,4,17,1.71,249.0571976,1,0,0,0,0,0
619,CNc1c2c(c(NCCOC)c3nsnc13)C1CCC2CC1,5,22,1.38,318.1514323,1,0,0,0,0,1
620,CCN(C)CCOc1c2c(cc3nsnc13)C1CCC2CC1,4,22,1.6,317.1561834,1,0,0,0,0,1
621,CN(C)c1c2c(cc3nsnc13)N(C)CC2,6,16,1.3,234.0939174,1,0,0,0,0,0
623,COc1ccc(N(C)C)c2nsnc12,5,14,1.43,209.062283,1,0,0,0,0,0
624,CC/C([O-])=[NH+]\c1cc(OC)cc2nsnc12,4,16,1.7,237.0571976,1,0,0,0,0,0
625,CCN(c1c2c(c(C)c3nsnc13)C1CCC2CC1)C(C)C,5,22,1.34,315.1769188,1,0,0,0,0,1
626,Cc1cc2c(c3nsnc13)CC(C)C2,4,14,1.56,204.0721194,1,0,0,0,0,0
627,CCCc1c2c(cc3nsnc13)C1CCC2C1,2,17,1.42,244.1034195,1,0,0,0,1,0
628,CCOc1ccc2nsnc2c1/[NH+]=C(\C)[O-],4,16,1.71,237.0571976,1,0,0,0,0,0
629,CC(C)C/C([O-])=[NH+]\c1c2c(cc3nsnc13)C1CCC2CC1,2,22,1.65,315.1405333,1,0,0,0,0,1
630,COc1c(C)c(CC(C)C)cc2nsnc12,6,16,1.58,236.0983341,1,0,0,0,0,0
631,CNc1ccc(/[N+](C)=C(\C)[O-])c2nsnc12,5,16,1.64,236.073182,1,0,0,0,0,0
632,Cc1c2c(c3nsnc3c1C)C(C)C(C)O2,6,16,1.5,234.0826841,1,0,0,0,0,0
633,CCN(C)c1cccc2nsnc12,3,13,1.66,193.0673684,1,0,0,0,0,0
634,CCOc1c(C)cc(OC)c2nsnc12,6,15,1.4,224.0619486,1,0,0,0,0,0
635,CC(C)COc1cc2nsnc2c2c1OCC2,4,17,1.37,250.0775987,1,0,0,0,0,0
636,CC1Cc2c3c(c4nsnc4c2C1)CCC3,4,16,1.48,230.0877694,1,0,0,0,0,0
637,CCNc1cc2c(c3nsnc13)CCC2C,4,16,1.43,233.0986685,1,0,0,0,0,0
638,COc1c(C)c(N(C)C)cc2nsnc12,7,15,1.53,223.077933,1,0,0,0,0,0
639,CCOc1c(C)c(OC)c(C)c2nsnc12,8,16,1.56,238.0775987,1,0,0,0,0,0
640,CCc1c(OC)c(OC)c2nsnc2c1C,8,16,1.57,238.0775987,1,0,0,0,0,0
641,CCCOc1c(CC)ccc2nsnc12,4,15,1.63,222.0826841,1,0,0,0,0,0
642,CCc1c2c(c3nsnc3c1C)CC(C)C2,6,16,1.49,232.1034195,1,0,0,0,0,0
643,Cc1cc2c(c3nsnc13)CCO2,4,13,1.54,192.0357339,1,0,0,0,0,0
644,CCCc1cc2nsnc2c2c1CCCO2,4,16,1.47,234.0826841,1,0,0,0,0,0
645,CCNc1c2c(c(NC)c3nsnc13)N(C)CCN2C,8,20,1.33,292.1470156,1,0,1,0,0,0
646,CCN(C)c1cc2c(c3nsnc13)NCC2,5,16,1.45,234.0939174,1,0,0,0,0,0
647,Cc1ccc2nsnc2c1N(C)CC(C)C,5,16,1.58,235.1143185,1,0,0,0,0,0
648,COc1c2c(cc3nsnc13)N(C)CC2C,5,16,1.36,235.077933,1,0,0,0,0,0
649,CCCCN1CCCc2cc3nsnc3cc21,3,17,1.51,247.1143185,1,0,0,0,0,0
650,CCC1COc2c(cc(C)c3nsnc23)O1,4,16,1.47,236.0619486,1,0,0,0,0,0
651,CNc1c2c(c(OC)c3nsnc13)CCO2,6,16,1.45,237.0571976,1,0,0,0,0,0
652,CCc1c2c(cc3nsnc13)OCCN2CC,4,17,1.41,249.0935831,1,0,0,0,0,0
653,CCOc1c(CC)c(C)cc2nsnc12,6,15,1.57,222.0826841,1,0,0,0,0,0
654,CC(C)CN(C)c1ccc2nsnc2c1,3,15,1.4,221.0986685,1,0,0,0,0,0
656,CCc1c(OC)c(OC)c(C)c2nsnc12,8,16,1.52,238.0775987,1,0,0,0,0,0
657,CCCOc1c(OC)cc(C)c2nsnc12,6,16,1.58,238.0775987,1,0,0,0,0,0
658,CCc1c2c(c(NC(C)C)c3nsnc13)C1CCC2CC1,4,21,1.24,301.1612687,1,0,0,0,0,1
659,CC(C)C1Oc2ccc3nsnc3c2OC1C,3,17,1.48,250.0775987,1,0,0,0,0,0
660,CCC1COc2c(C)cc3nsnc3c21,4,15,1.48,220.067034,1,0,0,0,0,0
661,Cc1cc2nsnc2c2c1CCO2,4,13,1.57,192.0357339,1,0,0,0,0,0
663,CCC(C)N1CCOc2cc3nsnc3cc21,2,17,1.36,249.0935831,1,0,0,0,0,0
664,CCc1cc(NC)c2nsnc2c1C,6,14,1.42,207.0830184,1,0,0,0,0,0
665,CCC(C)N1CN(CC)c2c1cc1nsnc1c2OC,6,20,1.1,292.1357823,1,1,0,0,0,0
666,Cc1cc2nsnc2c2c1CC(C)CO2,4,15,1.44,220.067034,1,0,0,0,0,0
667,CCC(C)N(C)c1cccc2nsnc12,3,15,1.57,221.0986685,1,0,0,0,0,0
668,CCOc1ccc2nsnc2c1CCOC,5,16,1.58,238.0775987,1,0,0,0,0,0
669,CCCOc1c2c(cc3nsnc13)CCCO2,4,17,1.58,250.0775987,1,0,0,0,0,0
670,CCc1cc(OC(C)CC)cc2nsnc12,4,16,1.46,236.0983341,1,0,0,0,0,0
671,CCC(C)N(C)c1c2c(cc3nsnc13)N(C)CCN2C,7,21,1.33,305.1674167,1,0,1,0,0,0
672,CCOc1cc(N(C)CC)c2nsnc2c1,5,16,1.32,237.0935831,1,0,0,0,0,0
673,CC/C([O-])=[N+](\c1cccc2nsnc12)C(C)C,3,17,1.83,249.0935831,1,0,0,0,0,0
674,CCCc1c2c(cc3nsnc13)OC(C)CO2,4,17,1.48,250.0775987,1,0,0,1,0,0
675,CCCNc1cc2c(c3nsnc13)OC(C)C2,4,17,1.51,249.0935831,1,0,0,0,0,0
676,CNc1c(C(C)C)cc(OC)c2nsnc12,6,16,1.58,237.0935831,1,0,0,0,0,0
677,CCCOc1ccc(CC)c2nsnc12,4,15,1.54,222.0826841,1,0,0,0,0,0
678,CCC1Cc2c(cc3nsnc3c2OC)O1,4,16,1.51,236.0619486,1,0,0,0,0,0
679,CCCOc1cc2nsnc2c(OC)c1C,6,16,1.56,238.0775987,1,0,0,0,0,0
680,COCCc1cc2nsnc2c2c1CCC2,5,16,1.57,234.0826841,1,0,0,0,0,0
681,CCCc1c2c(c(CC)c3nsnc13)C1CCC2CC1,4,20,1.33,286.1503697,1,0,0,0,0,1
683,CCCN(C)c1c2c(cc3nsnc13)C1CCC2C1,3,19,1.46,273.1299686,1,0,0,0,1,0
684,CC/C([O-])=[NH+]\c1c2c(cc3nsnc13)N(CC)CCN2C,6,21,1.49,305.1310312,1,0,1,0,0,0
685,CCN(C)c1c2c(c(OC)c3nsnc13)C1CCC2CC1,5,21,1.45,303.1405333,1,0,0,0,0,1
686,CCCCc1c2c(cc3nsnc13)N(C(C)C)CCN2C,6,21,1.2,304.1721678,1,0,1,0,0,0
687,CCC/[N+](=C(/C)[O-])c1c2c(cc3nsnc13)C1CCC2CC1,3,22,1.79,315.1405333,1,0,0,0,0,1
688,CCCCOc1c(CC)ccc2nsnc12,4,16,1.63,236.0983341,1,0,0,0,0,0
689,CCN(C)c1cc(C)c2nsnc2c1,5,14,1.38,207.0830184,1,0,0,0,0,0
690,CCCNc1ccc(OC)c2nsnc12,4,15,1.39,223.077933,1,0,0,0,0,0
691,CC(C)c1cc2c(c3nsnc13)N(C)CCO2,4,17,1.4,249.0935831,1,0,0,0,0,0
692,CNc1cc(C(C)C)c(NC)c2nsnc12,6,16,1.43,236.1095675,1,0,0,0,0,0
693,CCCCc1c2c(c(OCCC)c3nsnc13)C1CCC2C1,4,22,1.42,316.1609344,1,0,0,0,1,0
694,COCCc1ccc2nsnc2c1OC,5,15,1.7,224.0619486,1,0,0,0,0,0
695,CCCNc1cccc2nsnc12,2,13,1.52,193.0673684,1,0,0,0,0,0
696,CCN(C)c1c(OC)cc(C)c2nsnc12,7,16,1.55,237.0935831,1,0,0,0,0,0
697,CN1CCN(C)c2cc3nsnc3cc2C1,5,16,1.5,234.0939174,1,0,0,0,0,0
698,CC(C)c1c2c(cc3nsnc13)OCCO2,3,16,1.46,236.0619486,1,0,0,1,0,0
699,COc1cc2nsnc2cc1OC,4,13,1.41,196.0306485,1,0,0,0,0,0
700,CCCCNc1cc(OCC)cc2nsnc12,4,17,1.42,251.1092332,1,0,0,0,0,0
702,CCC(C)OCCc1cccc2nsnc12,3,16,1.65,236.0983341,1,0,0,0,0,0
703,CC1CCc2ccc3nsnc3c2[NH+]=C1[O-],2,16,1.7,233.062283,1,0,0,0,0,0
704,CCCC1COc2cc3nsnc3c(CC(C)C)c2O1,4,20,1.35,292.1245489,1,0,0,1,0,0
705,CCCCc1c(OC)cc2nsnc2c1C,6,16,1.47,236.0983341,1,0,0,0,0,0
706,CCCCOc1ccc(OC)c2nsnc12,4,16,1.67,238.0775987,1,0,0,0,0,0
707,CCc1cc2nsnc2c2c1CC(C)C2,4,15,1.5,218.0877694,1,0,0,0,0,0
708,CN1CCOCc2ccc3nsnc3c21,4,15,1.59,221.062283,1,0,0,0,0,0
709,CCCN1CN(C)c2c1c(OC)c1nsnc1c2C,8,19,1.18,278.1201322,1,1,0,0,0,0
710,CCC1Cc2cc3nsnc3c(OC)c2O1,4,16,1.53,236.0619486,1,0,0,0,0,0
711,CNc1cc2c(c3nsnc13)CC(C)N2C,5,16,1.38,234.0939174,1,0,0,0,0,0
712,CCCc1c2c(cc3nsnc13)OCC(C)O2,4,17,1.41,250.0775987,1,0,0,1,0,0
713,CC(C)Nc1cc(C(C)C)cc2nsnc12,4,16,1.31,235.1143185,1,0,0,0,0,0
714,CCc1cc2c(c3nsnc13)NC(C)C2,4,15,1.49,219.0830184,1,0,0,0,0,0
715,Cc1cc2nsnc2c2c1OCC2(C)C,4,15,1.5,220.067034,1,0,0,0,0,0
716,CCOc1cc(OC(C)C)c2nsnc2c1,4,16,1.56,238.0775987,1,0,0,0,0,0
717,CCOCCc1c2c(c(OC)c3nsnc13)C1CCC2CC1,5,22,1.55,318.1401989,1,0,0,0,0,1
718,CCCCN1CCc2cc3nsnc3cc21,3,16,1.3,233.0986685,1,0,0,0,0,0
719,CCCN1CN(C)c2cc3nsnc3c(NCC)c21,6,19,1.18,277.1361166,1,1,0,0,0,0
720,CCc1c2c(c(C)c3nsnc13)OC(C)CO2,6,17,1.34,250.0775987,1,0,0,1,0,0
721,CN1CCNc2c1c1c(c3nsnc23)CCO1,4,17,1.35,248.073182,1,0,0,0,0,0
722,CCc1cc(OC(C)C)cc2nsnc12,4,15,1.49,222.0826841,1,0,0,0,0,0
723,CNc1c2c(c(N(C)CC(C)C)c3nsnc13)C1CCC2C1,5,22,1.34,316.1721678,1,0,0,0,1,0
724,CCOc1c(CC)ccc2nsnc12,4,14,1.63,208.067034,1,0,0,0,0,0
725,CCNc1c2c(cc3nsnc13)CCC2,4,15,1.43,219.0830184,1,0,0,0,0,0
726,Cc1c2c(cc3nsnc13)CCCC2,4,14,1.52,204.0721194,1,0,0,0,0,0
727,COc1c2c(c(C)c3nsnc13)OC(C)CO2,6,17,1.49,252.0568632,1,0,0,1,0,0
728,CC(C)Cc1cc(C(C)C)cc2nsnc12,4,16,1.54,234.1190696,1,0,0,0,0,0
729,c1cc2nsnc2c2c1CCC2,2,12,1.6,176.0408193,1,0,0,0,0,0
730,CC(C)CN1CCN(C)c2c1cc1nsnc1c2N(C)C,7,21,1.25,305.1674167,1,0,1,0,0,0
732,Cc1c2c(cc3nsnc13)C(C)(C)CN2C,5,16,1.3,233.0986685,1,0,0,0,0,0
733,CC1COc2c(ccc3nsnc23)C1,2,14,1.51,206.0513839,1,0,0,0,0,0
734,COc1cc(CC(C)C)cc2nsnc12,4,15,1.54,222.0826841,1,0,0,0,0,0
735,CNc1c2c(cc3nsnc13)OC(C)C2C,4,16,1.45,235.077933,1,0,0,0,0,0
736,CN1CCc2c1c1c(c3nsnc23)CCC1,5,16,1.43,231.0830184,1,0,0,0,0,0
737,CC1Cc2c(c3c(c4nsnc24)CCCC3)O1,4,17,1.44,246.0826841,1,0,0,0,0,0
738,CCOc1cc(C)c2nsnc2c1OCC,6,16,1.64,238.0775987,1,0,0,0,0,0
739,CC(C)Cc1cc(OC(C)C)c2nsnc2c1,4,17,1.46,250.1139842,1,0,0,0,0,0
740,CCc1c2c(c(C)c3nsnc13)OC(CC)CO2,6,18,1.41,264.0932488,1,0,0,1,0,0
741,CCC/C([O-])=[N+](/C)c1c2c(cc3nsnc13)C1CCC2CC1,3,22,1.66,315.1405333,1,0,0,0,0,1
742,CCN(CC)c1cc(OC)cc2nsnc12,5,16,1.39,237.0935831,1,0,0,0,0,0
744,COCCc1c(OC)ccc2nsnc12,5,15,1.59,224.0619486,1,0,0,0,0,0
745,Cc1c2c(cc3nsnc13)N(C(C)C)CCN2C,6,18,1.08,262.1252176,1,0,1,0,0,0
746,CCc1cc(N(C)CC)c(C)c2nsnc12,7,16,1.44,235.1143185,1,0,0,0,0,0
747,CN1CCOc2c(ccc3nsnc23)CC1,4,16,1.71,235.077933,1,0,0,0,0,0
748,CCc1c2c(c(N(C)C)c3nsnc13)C1CCC2CC1,5,20,1.41,287.1456187,1,0,0,0,0,1
749,C/C([O-])=[NH+]\c1cc2c(c3nsnc13)CCCO2,4,17,1.66,249.0571976,1,0,0,0,0,0
750,COc1cc2c(c3nsnc13)[NH+]=C([O-])CC2,4,16,1.69,235.0415475,1,0,0,0,0,0
751,CCCCN1CN(C)c2c1cc1nsnc1c2C,6,18,1.19,262.1252176,1,1,0,0,0,0
752,CCCC1Oc2c(ccc3nsnc23)OC1C,3,17,1.31,250.0775987,1,0,0,0,0,0
753,COc1cc2c(c3nsnc13)CCOCC2,5,16,1.4,236.0619486,1,0,0,0,0,0
754,COc1c2c(c(C)c3nsnc13)CCCO2,6,16,1.51,236.0619486,1,0,0,0,0,0
756,CN1CCc2c3c(c4nsnc4c21)OCCO3,4,17,1.44,249.0571976,1,0,0,0,0,0
757,CCCCNc1c2c(c(N(C)C)c3nsnc13)C1CCC2C1,5,22,1.33,316.1721678,1,0,0,0,1,0
758,CC(C)Nc1c2c(cc3nsnc13)CCO2,4,16,1.42,235.077933,1,0,0,0,0,0
759,COc1c(OC)c(OC)c2nsnc2c1C,8,16,1.61,240.0568632,1,0,0,0,0,0
760,CCCCN1c2cc3nsnc3cc2N(C)C1OC,6,19,1.1,278.1201322,1,1,0,0,0,0
761,CC1Cc2cc(N(C)C)c3nsnc3c2O1,5,16,1.45,235.077933,1,0,0,0,0,0
762,CCC1COc2cc3nsnc3c(C)c21,4,15,1.52,220.067034,1,0,0,0,0,0
763,CCCNc1c2c(c(OCCC)c3nsnc13)C1CCC2C1,4,22,1.38,317.1561834,1,0,0,0,1,0
764,CCc1c(CC(C)C)c(C)cc2nsnc12,6,16,1.57,234.1190696,1,0,0,0,0,0
765,CCNc1c(C)cc(NC)c2nsnc12,6,15,1.49,222.0939174,1,0,0,0,0,0
766,CCCc1c2c(cc3nsnc13)C(CC)CO2,4,17,1.42,248.0983341,1,0,0,0,0,0
767,CCCOc1c2c(cc3nsnc13)CCC2C,4,17,1.57,248.0983341,1,0,0,0,0,0
768,CCc1c(C)cc(OC)c2nsnc12,6,14,1.5,208.067034,1,0,0,0,0,0
769,CC(C)Cc1cc2c(c3nsnc13)OC(C)C2,4,17,1.53,248.0983341,1,0,0,0,0,0
770,CCCCOc1cc(CC)c2nsnc2c1,4,16,1.52,236.0983341,1,0,0,0,0,0
771,CC1COc2c(c3c(c4nsnc24)CCC3)C1,4,17,1.46,246.0826841,1,0,0,0,0,0
772,COCCNc1c2c(c(C)c3nsnc13)C1CCC2C1,5,20,1.43,289.1248832,1,0,0,0,1,0
773,COc1cc2nsnc2c2c1COCC2,5,15,1.5,222.0462986,1,0,0,0,0,0
774,Cc1c2c(cc3nsnc13)OC(C)CO2,4,15,1.48,222.0462986,1,0,0,1,0,0
775,COc1cc2nsnc2cc1OC(C)C,4,15,1.6,224.0619486,1,0,0,0,0,0
776,C/C([O-])=[NH+]\c1cc2c(c3nsnc13)C(C)CC2,4,17,1.7,247.077933,1,0,0,0,0,0
777,COc1c2c(cc3nsnc13)OCCOC2,5,16,1.57,238.0412132,1,0,0,0,0,0
778,CC/[N+](=C(/C)[O-])c1c2c(cc3nsnc13)C1CCC2C1,3,20,1.61,287.1092332,1,0,0,0,1,0
779,CCN1c2cc3nsnc3cc2CCC1C,3,16,1.39,233.0986685,1,0,0,0,0,0
780,CCN(c1ccc2nsnc2c1C)C(C)C,5,16,1.51,235.1143185,1,0,0,0,0,0
781,CCCCc1c(OC(C)C)ccc2nsnc12,4,17,1.56,250.1139842,1,0,0,0,0,0
782,CCCCc1cc(OC)c(C)c2nsnc12,6,16,1.48,236.0983341,1,0,0,0,0,0
784,CCc1c(N(C)C)c(C)cc2nsnc12,7,15,1.53,221.0986685,1,0,0,0,0,0
785,CCc1c2c(c(NC(C)C)c3nsnc13)OCCO2,4,19,1.55,279.1041478,1,0,0,1,0,0
786,CNc1c(OC)cc(C)c2nsnc12,6,14,1.48,209.062283,1,0,0,0,0,0
788,CCC(C)/[N+](=C(/C)[O-])c1cccc2nsnc12,3,17,1.83,249.0935831,1,0,0,0,0,0
789,CCC(C)Oc1ccc2nsnc2c1C,4,15,1.65,222.0826841,1,0,0,0,0,0
790,CCC1COc2c(c(OC)c3nsnc3c2OC)O1,6,19,1.61,282.0674279,1,0,0,1,0,0
791,CCc1ccc(C(C)CC)c2nsnc12,4,15,1.59,220.1034195,1,0,0,0,0,0
793,CCc1cc2nsnc2c2c1OCC(CC)O2,4,17,1.47,250.0775987,1,0,0,0,0,0
794,CCNc1cc2c(c3nsnc13)CCCC2,4,16,1.59,233.0986685,1,0,0,0,0,0
796,CC1Cc2c3c(c4nsnc4c2C1)OCCO3,3,17,1.45,248.0619486,1,0,0,0,0,0
797,CNc1c2c(cc3nsnc13)OCCO2,2,15,1.44,223.0415475,1,0,0,1,0,0
798,CC/C([O-])=[NH+]\c1c2c(cc3nsnc13)CCO2,4,17,1.6,249.0571976,1,0,0,0,0,0
799,Cc1c2c(cc3nsnc13)N(C)CN2CCN(C)C,8,19,1.21,277.1361166,1,1,0,0,0,0
800,COc1cc2nsnc2c2c1C(C)C(C)O2,4,16,1.49,236.0619486,1,0,0,0,0,0
801,CN(C)CCN1CCN(C)c2cc3nsnc3cc21,6,19,1.17,277.1361166,1,0,1,0,0,0
802,CCc1c2c(cc3nsnc13)CCCO2,4,15,1.5,220.067034,1,0,0,0,0,0
803,CN1CCc2c3c(c4nsnc4c21)CCC3,5,16,1.43,231.0830184,1,0,0,0,0,0
804,CCCc1c2c(cc3nsnc13)N(C)CCN2CC,6,19,1.28,276.1408676,1,0,1,0,0,0
805,Cc1c2c(cc3nsnc13)N(C)CN2C,6,15,1.15,220.0782674,1,1,0,0,0,0
806,CCCN1CCN(C)c2c1cc1nsnc1c2OC,6,19,1.21,278.1201322,1,0,1,0,0,0
807,CCCN(C)c1c2c(c(C)c3nsnc13)OCCO2,6,19,1.31,279.1041478,1,0,0,1,0,0
808,CCOc1c(CC)cc(OC)c2nsnc12,6,16,1.69,238.0775987,1,0,0,0,0,0
809,CCN1CN(C)c2c1cc1nsnc1c2OC(C)C,6,19,1.17,278.1201322,1,1,0,0,0,0
810,CCN1CCN(CCOC)c2c1cc1nsnc1c2OC,7,21,1.28,308.1306969,1,0,1,0,0,0
811,CCNc1c2c(c(OC)c3nsnc13)N(C)CN2C,8,19,1.17,279.1153812,1,1,0,0,0,0
812,CCc1cc(/[NH+]=C(\C)[O-])c2nsnc2c1,4,15,1.74,221.062283,1,0,0,0,0,0
813,CCC(C)N(C)CCc1c2c(cc3nsnc13)C1CCC2C1,4,22,1.2,315.1769188,1,0,0,0,1,0
814,CC/C([O-])=[NH+]\c1cc(C(C)C)cc2nsnc12,4,17,1.73,249.0935831,1,0,0,0,0,0
815,CC/C([O-])=[NH+]\c1c2c(cc3nsnc13)CCC2,4,17,1.68,247.077933,1,0,0,0,0,0
816,CCCc1ccc2nsnc2c1OCC,4,15,1.63,222.0826841,1,0,0,0,0,0
817,CCN(CC)c1cc(OC)c2nsnc2c1,5,16,1.29,237.0935831,1,0,0,0,0,0
818,CCCc1cc(C)c2nsnc2c1C,6,14,1.47,206.0877694,1,0,0,0,0,0
819,CCOc1ccc(CC(C)C)c2nsnc12,4,16,1.68,236.0983341,1,0,0,0,0,0
820,CCOc1cc2nsnc2c2c1OCC(C)O2,4,17,1.34,252.0568632,1,0,0,0,0,0
821,CCN(CCOC)c1c2c(cc3nsnc13)C1CCC2CC1,4,22,1.48,317.1561834,1,0,0,0,0,1
823,COc1c(C)cc2nsnc2c1C(C)C,6,15,1.46,222.0826841,1,0,0,0,0,0
824,C1CCc2c(c3c(c4nsnc24)CCC3)OC1,4,17,1.54,246.0826841,1,0,0,0,0,0
825,CC(C)CN(C)CCc1c2c(cc3nsnc13)C1CCC2C1,4,22,1.46,315.1769188,1,0,0,0,1,0
826,CCc1cc2nsnc2c(OC)c1OC,6,15,1.63,224.0619486,1,0,0,0,0,0
827,COc1cc(C)c2nsnc2c1OC(C)C,6,16,1.6,238.0775987,1,0,0,0,0,0
828,CCN1CCCc2cc3nsnc3cc21,3,15,1.35,219.0830184,1,0,0,0,0,0
829,CCOCCc1c2c(c(NC)c3nsnc13)C1CCC2C1,5,21,1.37,303.1405333,1,0,0,0,1,0
830,CCCN1CCN(C)c2cc3nsnc3c(OC(C)C)c21,6,21,1.31,306.1514323,1,0,1,0,0,0
831,Cc1c2c(c(OCCN(C)C)c3nsnc13)C1CCC2C1,6,21,1.46,303.1405333,1,0,0,0,1,0
832,CCNc1c2c(c(N(C)C)c3nsnc13)C1CCC2CC1,5,21,1.32,302.1565177,1,0,0,0,0,1
833,CCc1c2c(c(C)c3nsnc13)N(C)CN2C(C)C,8,19,1.1,276.1408676,1,1,0,0,0,0
834,CCC(C)C1COc2c(cc3nsnc3c2OC)O1,4,19,1.44,280.0881634,1,0,0,1,0,0
835,Cc1c2c(c(OC(C)C)c3nsnc13)OCCO2,4,18,1.47,266.0725133,1,0,0,1,0,0
836,COc1cc2nsnc2c2c1N(C)CCC2,5,16,1.45,235.077933,1,0,0,0,0,0
837,COc1c(N(C)C)ccc2nsnc12,5,14,1.67,209.062283,1,0,0,0,0,0
838,CCN(C)c1cc2nsnc2cc1C,5,14,1.52,207.0830184,1,0,0,0,0,0
839,C/C([O-])=[NH+]\c1c2c(cc3nsnc13)CC(C)O2,4,17,1.65,249.0571976,1,0,0,0,0,0
840,CCC1COc2c(c(OC)c3nsnc3c2C)O1,6,18,1.49,266.0725133,1,0,0,1,0,0
841,COc1cc2nsnc2c2c1CCO2,4,14,1.51,208.0306485,1,0,0,0,0,0
842,CCc1cc2nsnc2c(NC)c1N(C)C,7,16,1.48,236.1095675,1,0,0,0,0,0
843,COCCc1c2c(c(C)c3nsnc13)C1CCC2C1,5,19,1.35,274.1139842,1,0,0,0,1,0
844,CCc1c2c(cc3nsnc13)N(C)CN2CC,6,17,1.04,248.1095675,1,1,0,0,0,0
845,CC1Cc2ccc3nsnc3c2N(C)C1,3,15,1.48,219.0830184,1,0,0,0,0,0
846,CCN1CC(C)c2c1ccc1nsnc21,3,15,1.46,219.0830184,1,0,0,0,0,0
847,CNc1cc(CC(C)C)cc2nsnc12,4,15,1.44,221.0986685,1,0,0,0,0,0
849,CCCCc1c(C)c(OC)cc2nsnc12,6,16,1.41,236.0983341,1,0,0,0,0,0
850,CC(C)Oc1c2c(cc3nsnc13)C1CCC2C1,2,18,1.48,260.0983341,1,0,0,0,1,0
852,CCOc1c(C)c2c(c3nsnc13)CCO2,6,16,1.52,236.0619486,1,0,0,0,0,0
853,CCCc1c(C)c(NC)c2nsnc2c1C,8,16,1.41,235.1143185,1,0,0,0,0,0
854,CCN1CCN(C)c2c1c(C)c1nsnc1c2C,8,18,1.3,262.1252176,1,0,1,0,0,0
855,CNc1c2c(cc3nsnc13)CCCO2,4,15,1.47,221.062283,1,0,0,0,0,0
856,CC(C)C1C([O-])=[N+](C)c2c1ccc1nsnc21,3,17,1.79,247.077933,1,0,0,0,0,0
857,COCCOc1c2c(cc3nsnc13)C1CCC2CC1,3,20,1.45,290.1088988,1,0,0,0,0,1
858,CCc1c2c(c(/[NH+]=C(\C)[O-])c3nsnc13)C1CCC2C1,4,20,1.56,287.1092332,1,0,0,0,1,0
859,CC/C([O-])=[NH+]\c1c2c(c(C)c3nsnc13)N(C)CCN2C,8,21,1.47,305.1310312,1,0,1,0,0,0
860,CCc1cc2nsnc2c(C)c1N(C)C,7,15,1.54,221.0986685,1,0,0,0,0,0
861,CCc1cc2nsnc2c2c1C(C)C(C)O2,4,16,1.58,234.0826841,1,0,0,0,0,0
862,CCOc1ccc2nsnc2c1C,4,13,1.55,194.0513839,1,0,0,0,0,0
863,CN(C)c1cc2c(c3nsnc13)N(C)CC2,6,16,1.5,234.0939174,1,0,0,0,0,0
864,CC(C)COc1c2c(cc3nsnc13)CCO2,4,17,1.53,250.0775987,1,0,0,0,0,0
865,CCOC1COc2cc3nsnc3c(C)c21,5,16,1.5,236.0619486,1,0,0,0,0,0
866,CCc1c2c(cc3nsnc13)OCC2C,4,15,1.46,220.067034,1,0,0,0,0,0
867,CCC(C)Oc1cc2c(c3nsnc13)CCC2,4,17,1.45,248.0983341,1,0,0,0,0,0
868,CC(C)N1CCN(C)c2ccc3nsnc3c21,3,17,1.32,248.1095675,1,0,0,0,0,0
869,Cc1cc2c(c3nsnc13)NCC2,4,13,1.5,191.0517183,1,0,0,0,0,0
870,CCN(c1cc(C)c2nsnc2c1)C(C)C,5,16,1.28,235.1143185,1,0,0,0,0,0
872,CNc1cc2c(c3nsnc13)OC(C)C2C,4,16,1.58,235.077933,1,0,0,0,0,0
873,CCCc1ccc2nsnc2c1N(C)CC,5,16,1.57,235.1143185,1,0,0,0,0,0
874,CCCCOc1c2c(c(OCC)c3nsnc13)C1CCC2C1,4,22,1.5,318.1401989,1,0,0,0,1,0
875,CCCCOCCc1cccc2nsnc12,3,16,1.65,236.0983341,1,0,0,0,0,0
876,CCN(C)c1c(N(C)C)ccc2nsnc12,6,16,1.45,236.1095675,1,0,0,0,0,0
877,CCN(C)c1c2c(cc3nsnc13)OCC(C)O2,5,18,1.44,265.0884977,1,0,0,1,0,0
878,CCOc1c2c(c(C)c3nsnc13)N(CC)CCN2C,8,20,1.29,292.1357823,1,0,1,0,0,0
879,Cc1ccc2nsnc2c1C(C)C,4,13,1.55,192.0721194,1,0,0,0,0,0
880,CCCOc1c(C)cc2nsnc2c1OC,6,16,1.63,238.0775987,1,0,0,0,0,0
881,CCOc1c(C)cc2nsnc2c1OC,6,15,1.62,224.0619486,1,0,0,0,0,0
882,CCOc1cc2nsnc2c2c1OCC2,4,15,1.43,222.0462986,1,0,0,0,0,0
883,Cc1cc2nsnc2cc1C(C)C,4,13,1.58,192.0721194,1,0,0,0,0,0
884,Cc1cc2nsnc2c2c1CCCCO2,4,15,1.44,220.067034,1,0,0,0,0,0
885,CC1CCc2cc(N(C)C)c3nsnc3c21,5,16,1.35,233.0986685,1,0,0,0,0,0
886,CCc1c(OC)c(C)cc2nsnc12,6,14,1.55,208.067034,1,0,0,0,0,0
887,CCC(C)OCCc1c2c(cc3nsnc13)OCCO2,4,20,1.53,294.1038134,1,0,0,1,0,0
888,CCC(C)Oc1c2c(cc3nsnc13)OCC2,4,17,1.52,250.0775987,1,0,0,0,0,0
889,CCc1cc(C)c2nsnc2c1/[NH+]=C(\C)[O-],6,16,1.66,235.077933,1,0,0,0,0,0
890,CCCCN1CN(C(C)C)c2cc3nsnc3c(C)c21,6,20,1.06,290.1565177,1,1,0,0,0,0
891,CCCNc1ccc(OCCC)c2nsnc12,4,17,1.49,251.1092332,1,0,0,0,0,0
892,CCCCOc1c2c(cc3nsnc13)N(CC)CN2C,6,20,1.04,292.1357823,1,1,0,0,0,0
893,CCNc1cc(OC)c(NC)c2nsnc12,6,16,1.39,238.0888321,1,0,0,0,0,0
894,CCCN1CCN(CCC)c2c1cc1nsnc1c2OC,6,21,1.13,306.1514323,1,0,1,0,0,0
895,COCC/C([O-])=[NH+]\c1c2c(c(C)c3nsnc13)C1CCC2C1,5,22,1.63,317.1197978,1,0,0,0,1,0
896,CCc1ccc(OC)c2nsnc12,4,13,1.55,194.0513839,1,0,0,0,0,0
897,CC(C)CNc1c(C(C)C)ccc2nsnc12,4,17,1.7,249.1299686,1,0,0,0,0,0
898,Cc1cc2c(c3nsnc13)[NH+]=C([O-])CC2(C)C,4,17,1.71,247.077933,1,0,0,0,0,0
899,CCc1cc2nsnc2c2c1CC(C)N2,4,15,1.5,219.0830184,1,0,0,0,0,0
900,CCC(C)/C([O-])=[NH+]\c1c2c(cc3nsnc13)OCCO2,3,20,1.66,293.0834123,1,0,0,1,0,0
901,CCC(C)Oc1cc2nsnc2cc1OC,4,16,1.42,238.0775987,1,0,0,0,0,0
902,CCc1c(C)cc2nsnc2c1C,6,13,1.5,192.0721194,1,0,0,0,0,0
903,CC1CNc2c1c1c(c3nsnc23)CCC1,4,16,1.48,231.0830184,1,0,0,0,0,0
904,Cc1cc2nsnc2c(C)c1N(C)C,7,14,1.51,207.0830184,1,0,0,0,0,0
905,COc1cc2nsnc2c2c1OCC2OC,5,16,1.5,238.0412132,1,0,0,0,0,0
906,CCCN(C)c1c2c(c(C(C)C)c3nsnc13)C1CCC2C1,5,22,1.32,315.1769188,1,0,0,0,1,0
907,COc1c2c(c(OC)c3nsnc13)CCC2,6,16,1.57,236.0619486,1,0,0,0,0,0
908,CC/[N+](=C(/C)[O-])c1c2c(c(NC)c3nsnc13)C1CCC2C1,5,22,1.54,316.1357823,1,0,0,0,1,0
909,Cc1cc2nsnc2c2c1OCC(C)C2,4,15,1.4,220.067034,1,0,0,0,0,0
911,CCCN1CCOc2c1ccc1nsnc21,2,16,1.44,235.077933,1,0,0,0,0,0
912,c1c2c(cc3nsnc13)OCCCC2,2,14,1.62,206.0513839,1,0,0,0,0,0
913,CCCCc1cc(OC(C)C)c2nsnc2c1,4,17,1.6,250.1139842,1,0,0,0,0,0
914,CCC1CN(C(C)C)c2cc3nsnc3cc21,3,17,1.42,247.1143185,1,0,0,0,0,0
915,CC/[N+](=C(/C)[O-])c1c2c(c(C)c3nsnc13)C1CCC2CC1,5,22,1.59,315.1405333,1,0,0,0,0,1
916,CCCc1c2c(cc3nsnc13)CC(CC)O2,4,17,1.39,248.0983341,1,0,0,0,0,0
917,CCCCc1c2c(cc3nsnc13)OCC2C,4,17,1.4,248.0983341,1,0,0,0,0,0
918,CCCOCCNc1c2c(cc3nsnc13)C1CCC2C1,3,21,1.38,303.1405333,1,0,0,0,1,0
919,CCC(C)c1c2c(cc3nsnc13)N(CC)CN2CC,6,20,1.16,290.1565177,1,1,0,0,0,0
920,COCCN1CCN(C(C)C)c2cc3nsnc3c(C)c21,7,21,1.23,306.1514323,1,0,1,0,0,0
921,CCc1c2c(c(OC)c3nsnc13)OCC2,6,16,1.47,236.0619486,1,0,0,0,0,0
922,Cc1ccc(CCN(C)C)c2nsnc12,6,15,1.59,221.0986685,1,0,0,0,0,0
923,CCOCC/C([O-])=[NH+]\c1cccc2nsnc12,3,17,1.82,251.0728477,1,0,0,0,0,0
924,Cc1cc2nsnc2c2c1C(C)CC([O-])=[NH+]2,4,16,1.69,233.062283,1,0,0,0,0,0
925,CCC(C)Oc1cc(C(C)C)cc2nsnc12,4,17,1.63,250.1139842,1,0,0,0,0,0
926,CCc1c2c(cc3nsnc13)C(C)(C)CO2,4,16,1.46,234.0826841,1,0,0,0,0,0
927,C/C([O-])=[N+](/C)c1c2c(cc3nsnc13)C1CCC2CC1,3,20,1.66,287.1092332,1,0,0,0,0,1
928,CCC(C)c1c2c(c(C(C)C)c3nsnc13)C1CCC2CC1,4,22,1.35,314.1816698,1,0,0,0,0,1
929,CCCCc1ccc2nsnc2c1OCCC,4,17,1.66,250.1139842,1,0,0,0,0,0
930,CN(C)CCc1c2c(cc3nsnc13)N(C)CN2C,8,19,1.18,277.1361166,1,1,0,0,0,0
931,CCCOc1c2c(c(N(C)C)c3nsnc13)C1CCC2CC1,5,22,1.48,317.1561834,1,0,0,0,0,1
932,COc1c2c(c3nsnc3c1C)C(C)CO2,6,16,1.48,236.0619486,1,0,0,0,0,0
933,Cc1c2c(cc3nsnc13)N(C)CC2C,5,15,1.29,219.0830184,1,0,0,0,0,0
934,Cc1c2c(c(NC(C)C)c3nsnc13)C1CCC2CC1,4,20,1.4,287.1456187,1,0,0,0,0,1
935,Cc1cc2nsnc2c2c1N(C)CCC2C,5,16,1.42,233.0986685,1,0,0,0,0,0
936,CC(C)Cc1cc2c(c3nsnc13)NCC2,4,16,1.49,233.0986685,1,0,0,0,0,0
937,CCCc1c2c(cc3nsnc13)N(CC)CCN2C,6,19,1.32,276.1408676,1,0,1,0,0,0
938,CCOCCc1c2c(c(CC)c3nsnc13)C1CCC2C1,5,21,1.28,302.1452843,1,0,0,0,1,0
939,CCC(C)c1c2c(cc3nsnc13)CCC2C,4,17,1.37,246.1190696,1,0,0,0,0,0
940,CCCCc1c2c(c(C)c3nsnc13)OCCO2,4,18,1.42,264.0932488,1,0,0,1,0,0
941,C1Cc2c3c(c4nsnc4c2C1)CCCO3,4,16,1.42,232.067034,1,0,0,0,0,0
942,COc1c(C)c(C)c2nsnc2c1OC,8,15,1.58,224.0619486,1,0,0,0,0,0
943,CCc1c(C(C)C)c(OC)cc2nsnc12,6,16,1.51,236.0983341,1,0,0,0,0,0
944,Cc1ccc(C(C)C)c2nsnc12,4,13,1.53,192.0721194,1,0,0,0,0,0
945,COc1c2c(c(C)c3nsnc13)OC(C)C2,6,16,1.46,236.0619486,1,0,0,0,0,0
946,COC1N(C)c2cc3nsnc3cc2N1C(C)C,6,18,1.15,264.1044821,1,1,0,0,0,0
947,CC(C)COc1cc2nsnc2c2c1CCO2,4,17,1.46,250.0775987,1,0,0,0,0,0
948,CCc1cc(C)c2nsnc2c1,4,12,1.57,178.0564693,1,0,0,0,0,0
949,COCCN(C)c1cc(C)c2nsnc2c1,6,16,1.4,237.0935831,1,0,0,0,0,0
950,CCCN1CCN(C)c2cc3nsnc3c(/[NH+]=C(\C)[O-])c21,6,21,1.39,305.1310312,1,0,1,0,0,0
951,CCC(C)N1CCN(CC)c2c1c(C)c1nsnc1c2C,8,21,1.32,304.1721678,1,0,1,0,0,0
952,CCNc1c2c(c(OC(C)C)c3nsnc13)C1CCC2C1,4,21,1.57,303.1405333,1,0,0,0,1,0
953,CC(C)COc1cc2c(c3nsnc13)CCC2,4,17,1.5,248.0983341,1,0,0,0,0,0
954,CCCc1ccc2nsnc2c1NC,4,14,1.49,207.0830184,1,0,0,0,0,0
955,CCc1c(C)c(OC)c(NC)c2nsnc12,8,16,1.45,237.0935831,1,0,0,0,0,0
956,CNc1c2c(c(/[NH+]=C(\C)[O-])c3nsnc13)OCCO2,4,19,1.55,280.0630112,1,0,0,1,0,0
957,COc1c(OCC(C)C)ccc2nsnc12,4,16,1.7,238.0775987,1,0,0,0,0,0
958,CCOc1c(C)c(CC)c(C)c2nsnc12,8,16,1.51,236.0983341,1,0,0,0,0,0
959,CC(C)c1cc2nsnc2c2c1N(C)CCN2,4,17,1.58,248.1095675,1,0,0,0,0,0
960,CCCCC1Oc2cc3nsnc3cc2OC1C,4,18,1.66,264.0932488,1,0,0,1,0,0
961,CCc1c(OC)c(NC)c2nsnc2c1C,8,16,1.47,237.0935831,1,0,0,0,0,0
962,CNc1c(N(C)C)cc(C)c2nsnc12,7,15,1.28,222.0939174,1,0,0,0,0,0
963,CC(C)COCCOc1ccc2nsnc2c1,3,17,1.67,252.0932488,1,0,0,0,0,0
964,COC1CN(C)c2cc3nsnc3c(C)c21,6,16,1.38,235.077933,1,0,0,0,0,0
965,CCc1cc(C(C)C)c(C)c2nsnc12,6,15,1.48,220.1034195,1,0,0,0,0,0
966,C/C([O-])=[NH+]\c1c2c(cc3nsnc13)N(C)CCN2C,6,19,1.47,277.0997311,1,0,1,0,0,0
968,COc1c2c(c(C(C)C)c3nsnc13)OCC(C)O2,6,19,1.46,280.0881634,1,0,0,1,0,0
969,CCc1ccc2nsnc2c1OC,4,13,1.63,194.0513839,1,0,0,0,0,0
970,CCOc1c2c(cc3nsnc13)OCCO2,4,16,1.56,238.0412132,1,0,0,1,0,0
971,CCCc1c(OC)cc(OC)c2nsnc12,6,16,1.53,238.0775987,1,0,0,0,0,0
972,Cc1c2c(cc3nsnc13)N(C)CCN2CCOC(C)C,7,21,1.28,306.1514323,1,0,1,0,0,0
973,CCCNc1c2c(cc3nsnc13)CCO2,4,16,1.46,235.077933,1,0,0,0,0,0
974,CCCN(c1c2c(cc3nsnc13)C1CCC2C1)C(C)C,3,21,1.33,301.1612687,1,0,0,0,1,0
975,CCCOCCN1CN(C)c2cc3nsnc3cc21,5,19,1.16,278.1201322,1,1,0,0,0,0
976,CCN1CCN(C)c2cc3nsnc3c(NCC(C)C)c21,6,21,1.28,305.1674167,1,0,1,0,0,0
977,CNc1c2c(c(N(C)C(C)C)c3nsnc13)C1CCC2C1,5,21,1.3,302.1565177,1,0,0,0,1,0
978,CCC/C([O-])=[NH+]\c1ccc(OC)c2nsnc12,4,17,1.68,251.0728477,1,0,0,0,0,0
979,CC(C)Nc1c(N(C)C)ccc2nsnc12,5,16,1.5,236.1095675,1,0,0,0,0,0
980,CC1COc2c3c(c4nsnc4c2C1)CCC3,4,17,1.47,246.0826841,1,0,0,0,0,0
982,CC(C)COc1c2c(c(C(C)C)c3nsnc13)C1CCC2C1,4,22,1.42,316.1609344,1,0,0,0,1,0
983,CC(C)/C([O-])=[N+](/C)c1cccc2nsnc12,3,16,1.65,235.077933,1,0,0,0,0,0
984,CCN1CN(CC(C)C)c2c1cc1nsnc1c2OC,6,20,1.1,292.1357823,1,1,0,0,0,0
986,CCC(C)N1CN(C)c2c1cc1nsnc1c2OC,6,19,1.06,278.1201322,1,1,0,0,0,0
987,CCNc1c2c(cc3nsnc13)CCO2,4,15,1.41,221.062283,1,0,0,0,0,0
988,Cc1cc2nsnc2c2c1OC(C)C(C)O2,5,16,1.42,236.0619486,1,0,0,0,0,0
989,C[N+]1=C([O-])CCCc2ccc3nsnc3c21,3,16,1.77,233.062283,1,0,0,0,0,0
990,CCCNc1cc(OCC)cc2nsnc12,4,16,1.37,237.0935831,1,0,0,0,0,0
991,CCOc1c2c(c3nsnc3c1C)OCC2,6,16,1.57,236.0619486,1,0,0,0,0,0
993,CCCNc1c2c(c(CC(C)C)c3nsnc13)C1CCC2C1,4,22,1.21,315.1769188,1,0,0,0,1,0
994,CCCc1cc(OC)c2nsnc2c1NC,6,16,1.49,237.0935831,1,0,0,0,0,0
995,CCOCCN(C)c1c2c(cc3nsnc13)C1CCC2C1,4,21,1.52,303.1405333,1,0,0,0,1,0
996,CCCc1cc(NC)c2nsnc2c1C,6,15,1.42,221.0986685,1,0,0,0,0,0
997,COCCc1c2c(cc3nsnc13)N(C)CN2C,7,18,1.16,264.1044821,1,1,0,0,0,0
998,COc1c2c(cc3nsnc13)C(C)CO2,4,15,1.54,222.0462986,1,0,0,0,0,0
999,Cc1c2c(c(C)c3nsnc13)CCC2,6,14,1.43,204.0721194,1,0,0,0,0,0
1001,CNc1c(C)c2c(c3nsnc13)OCC2,6,15,1.5,221.062283,1,0,0,0,0,0
1003,CCN(c1c2c(c(NC)c3nsnc13)C1CCC2C1)C(C)C,5,22,1.33,316.1721678,1,0,0,0,1,0
1004,CCc1c(OC(C)C)ccc2nsnc12,4,15,1.55,222.0826841,1,0,0,0,0,0
1005,CCNc1c2c(c(OC(C)CC)c3nsnc13)C1CCC2C1,4,22,1.38,317.1561834,1,0,0,0,1,0
1006,CCC1COc2cc3nsnc3c(OC)c2O1,5,17,1.56,252.0568632,1,0,0,1,0,0
1007,COc1c2c(c(C)c3nsnc13)C1CCC2C1,4,17,1.44,246.0826841,1,0,0,0,1,0
1008,CC(C)c1cc2c(c3nsnc13)CCC2,4,15,1.51,218.0877694,1,0,0,0,0,0
1009,CCCN(c1c2c(cc3nsnc13)C1CCC2C1)C(C)CC,3,22,1.39,315.1769188,1,0,0,0,1,0
1010,CC(C)Cc1cc(OC(C)C)cc2nsnc12,4,17,1.48,250.1139842,1,0,0,0,0,0
1011,COC1N(C)c2cc3nsnc3cc2N1C,6,16,1.16,236.073182,1,1,0,0,0,0
1012,CCC(C)N1CCN(CCOC)c2cc3nsnc3cc21,5,21,1.12,306.1514323,1,0,1,0,0,0
1013,CCCc1cc2nsnc2c2c1OCCN2,3,16,1.45,235.077933,1,0,0,0,0,0
1014,CCCCN1CCN(C)c2c1cc1nsnc1c2CC,6,20,1.26,290.1565177,1,0,1,0,0,0
1015,CCC(C)C1Oc2cc3nsnc3cc2OC1CC,4,19,1.53,278.1088988,1,0,0,1,0,0
1016,CCCCNc1c2c(c(C)c3nsnc13)N(C)CCN2C,8,21,1.32,305.1674167,1,0,1,0,0,0
1017,COc1c2c(c(CC(C)C)c3nsnc13)C1CCC2CC1,4,21,1.46,302.1452843,1,0,0,0,0,1
1018,CCCCC1COc2cc3nsnc3c(NC)c2O1,5,19,1.43,279.1041478,1,0,0,1,0,0
1019,COCCOc1ccc2nsnc2c1C,5,15,1.59,224.0619486,1,0,0,0,0,0
1020,CCNc1c2c(cc3nsnc13)C(C)CCO2,4,17,1.46,249.0935831,1,0,0,0,0,0
1021,CCc1c(C)c(C)c2nsnc2c1OC,8,15,1.51,222.0826841,1,0,0,0,0,0
1022,CCCN(C)c1ccc2nsnc2c1CC,5,16,1.5,235.1143185,1,0,0,0,0,0
1023,CCNc1cccc2nsnc12,2,12,1.52,179.0517183,1,0,0,0,0,0
1024,CC1CCc2c(c3c(c4nsnc24)OCC3)O1,4,17,1.48,248.0619486,1,0,0,0,0,0
1026,CN(C)c1cc2nsnc2c2c1OCCO2,4,16,1.41,237.0571976,1,0,0,0,0,0
1027,Cc1cc2c(c3nsnc13)OCC2C,4,14,1.59,206.0513839,1,0,0,0,0,0
1028,CC1COc2c(C(C)C)cc3nsnc3c2O1,4,17,1.51,250.0775987,1,0,0,0,0,0
1029,CCc1cc2c(c3nsnc13)N(CC)CCO2,4,17,1.45,249.0935831,1,0,0,0,0,0
1030,CC1CCOc2c3c(c4nsnc4c21)NCC3,4,17,1.38,247.077933,1,0,0,0,0,0
1031,CCCN(CC)c1cccc2nsnc12,3,15,1.66,221.0986685,1,0,0,0,0,0
1032,CCc1c2c(c(OC)c3nsnc13)C1CCC2CC1,4,19,1.47,274.1139842,1,0,0,0,0,1
1033,Cc1c2c(c(C)c3nsnc13)N(C)CCO2,6,16,1.41,235.077933,1,0,0,0,0,0
1034,CCCCOC1N(C)c2cc3nsnc3cc2N1C,6,19,1.15,278.1201322,1,1,0,0,0,0
1035,COCCc1cc2nsnc2cc1N(C)C,6,16,1.55,237.0935831,1,0,0,0,0,0
1036,CCCCOc1ccc2nsnc2c1C,4,15,1.57,222.0826841,1,0,0,0,0,0
1038,C1Cc2c3c(c4nsnc4c2C1)NCC3,4,15,1.46,217.0673684,1,0,0,0,0,0
1040,CCCN(CC)c1c2c(c(OC)c3nsnc13)C1CCC2C1,5,22,1.35,317.1561834,1,0,0,0,1,0
1041,COc1cc(N(C)C)c2nsnc2c1,5,14,1.49,209.062283,1,0,0,0,0,0
1042,CCCNc1c2c(c(NC)c3nsnc13)C1CCC2CC1,4,21,1.36,302.1565177,1,0,0,0,0,1
1043,CC(C)N1CCN(C)c2c1cc1nsnc1c2N(C)C,7,20,1.26,291.1517667,1,0,1,0,0,0
1044,CCOc1cc2nsnc2c(OCC)c1C,6,16,1.48,238.0775987,1,0,0,0,0,0
1045,CCOc1cc(C)c2nsnc2c1CC,6,15,1.5,222.0826841,1,0,0,0,0,0
1046,CCCCOc1c2c(cc3nsnc13)N(C)CCN2CC,6,21,1.26,306.1514323,1,0,1,0,0,0
1047,CCN(CC(C)C)c1cccc2nsnc12,3,16,1.54,235.1143185,1,0,0,0,0,0
1048,CNc1cc2c(c3nsnc13)OCCN2C,4,16,1.36,236.073182,1,0,0,0,0,0
1049,CCCc1c2c(cc3nsnc13)N(C)CN2C(C)C,6,19,1.07,276.1408676,1,1,0,0,0,0
1050,CCc1cc2nsnc2c2c1OCCC2,4,15,1.46,220.067034,1,0,0,0,0,0
1051,CC(C)N(C)CCc1cccc2nsnc12,4,16,1.62,235.1143185,1,0,0,0,0,0
1053,COc1c2c(cc3nsnc13)N(C(C)C)CN2C,6,18,1.16,264.1044821,1,1,0,0,0,0
1054,CCOc1c(C)cc2nsnc2c1OCC,6,16,1.61,238.0775987,1,0,0,0,0,0
1055,CNc1c2c(c(/[NH+]=C(/[O-])C(C)C)c3nsnc13)C1CCC2C1,4,22,1.5,316.1357823,1,0,0,0,1,0
1056,CCCNc1c(CC)ccc2nsnc12,4,15,1.49,221.0986685,1,0,0,0,0,0
1057,Cc1c(N(C)C)ccc2nsnc12,5,13,1.56,193.0673684,1,0,0,0,0,0
1058,CC1COc2c(c3c(c4nsnc24)OCC3)O1,4,17,1.54,250.0412132,1,0,0,0,0,0
1059,COc1cc2nsnc2c2c1C(C)CO2,4,15,1.52,222.0462986,1,0,0,0,0,0
1061,COCCOc1c2c(c(OC)c3nsnc13)C1CCC2C1,5,21,1.53,306.1038134,1,0,0,0,1,0
1062,COc1cc2c(c3nsnc13)C(C)CCO2,4,16,1.44,236.0619486,1,0,0,0,0,0
1064,CC(C)Oc1c(C(C)C)ccc2nsnc12,4,16,1.6,236.0983341,1,0,0,0,0,0
1065,CC(C)c1c2c(c(N(C)C)c3nsnc13)C1CCC2CC1,5,21,1.41,301.1612687,1,0,0,0,0,1
1067,COc1c2c(c(C)c3nsnc13)CC(C)C2,6,16,1.49,234.0826841,1,0,0,0,0,0
1068,CCCCN1CCN(C)c2cc3nsnc3cc21,4,18,1.15,262.1252176,1,0,1,0,0,0
1070,Cc1cc(N(C)C)c(N(C)C)c2nsnc12,8,16,1.46,236.1095675,1,0,0,0,0,0
1071,c1c2c(cc3nsnc13)OCCC2,2,13,1.58,192.0357339,1,0,0,0,0,0
1072,CCCOc1cc2nsnc2c2c1OCC2,4,16,1.56,236.0619486,1,0,0,0,0,0
1074,CCCCN1CCN(CCOC)c2cc3nsnc3cc21,5,21,1.16,306.1514323,1,0,1,0,0,0
1075,CCN1CCNc2c1cc(C)c1nsnc21,4,16,1.35,234.0939174,1,0,0,0,0,0
1076,COc1c(C(C)C)cc2nsnc2c1OC,6,16,1.63,238.0775987,1,0,0,0,0,0
1077,CCOc1cc(CC)c2nsnc2c1OC,6,16,1.62,238.0775987,1,0,0,0,0,0
1078,CCN1CCN(CC)c2c1c(C)c1nsnc1c2OC,8,20,1.35,292.1357823,1,0,1,0,0,0
1079,COc1c(OC(C)C)cc2nsnc2c1C,6,16,1.57,238.0775987,1,0,0,0,0,0
1080,CC(C)N1c2cc3nsnc3cc2CCC1C,3,17,1.37,247.1143185,1,0,0,0,0,0
1081,CCCCc1c2c(cc3nsnc13)CCC2C,4,17,1.48,246.1190696,1,0,0,0,0,0
1082,CCc1c2c(cc3nsnc13)C1CCC2C1,2,16,1.42,230.0877694,1,0,0,0,1,0
1083,CCCc1c2c(c(C(C)C)c3nsnc13)C1CCC2C1,4,20,1.34,286.1503697,1,0,0,0,1,0
1084,CC(C)COc1cc2nsnc2c2c1CCN2,4,17,1.42,249.0935831,1,0,0,0,0,0
1085,CCOc1c(C)c(C)c(NC)c2nsnc12,8,16,1.47,237.0935831,1,0,0,0,0,0
1086,CCOc1c2c(cc3nsnc13)N(C)CN2C,6,17,1.2,250.0888321,1,1,0,0,0,0
1087,CCC(C)c1c2c(cc3nsnc13)N(CC)CN2C,6,19,1.17,276.1408676,1,1,0,0,0,0
1088,CCOc1c2c(c(OCC)c3nsnc13)OCCO2,4,19,1.57,282.0674279,1,0,0,1,0,0
1089,CC1CCc2c3c(c4nsnc4c21)C(C)CO3,4,17,1.48,246.0826841,1,0,0,0,0,0
1090,CC1COc2c(ccc3nsnc23)O1,2,14,1.58,208.0306485,1,0,0,0,0,0
1091,CCCCC1Oc2cc3nsnc3cc2OC1CC,4,19,1.54,278.1088988,1,0,0,1,0,0
1092,CC(C)Oc1cc2nsnc2cc1N(C)C,5,16,1.53,237.0935831,1,0,0,0,0,0
1093,CCCOc1c(OCC)ccc2nsnc12,4,16,1.69,238.0775987,1,0,0,0,0,0
1095,CCCc1c2c(cc3nsnc13)N(C(C)C)CN2C,6,19,1.07,276.1408676,1,1,0,0,0,0
1096,CN1CC(C)(C)c2ccc3nsnc3c21,3,15,1.52,219.0830184,1,0,0,0,0,0
1097,COc1cc2nsnc2c(C(C)C)c1OC,6,16,1.45,238.0775987,1,0,0,0,0,0
1098,CCN(CC)c1cc(C)cc2nsnc12,5,15,1.57,221.0986685,1,0,0,0,0,0
1099,CC(C)N1CCCc2c1ccc1nsnc21,3,16,1.43,233.0986685,1,0,0,0,0,0
1100,CCCc1c2c(c(CCOCC)c3nsnc13)C1CCC2C1,5,22,1.35,316.1609344,1,0,0,0,1,0
1101,CCCCc1cc(C(C)C)cc2nsnc12,4,16,1.55,234.1190696,1,0,0,0,0,0
1102,Cc1c2c(cc3nsnc13)OCCOC2,5,15,1.6,222.0462986,1,0,0,0,0,0
1106,CCCc1c2c(cc3nsnc13)CC(C)O2,4,16,1.44,234.0826841,1,0,0,0,0,0
1108,Cc1cc2nsnc2c(C)c1N(C)C(C)C,7,16,1.53,235.1143185,1,0,0,0,0,0
1109,CC1Oc2c(c3c(c4nsnc24)CCO3)C1C,4,17,1.52,248.0619486,1,0,0,0,0,0
1110,CCc1c(C)c2c(c3nsnc13)OCC2,6,15,1.52,220.067034,1,0,0,0,0,0
1111,CCCN(C)c1cccc2nsnc12,3,14,1.54,207.0830184,1,0,0,0,0,0
1112,COCCOc1cc2nsnc2cc1C,5,15,1.49,224.0619486,1,0,0,0,0,0
1113,CCCCN(c1cccc2nsnc12)C(C)C,3,17,1.59,249.1299686,1,0,0,0,0,0
1114,COc1c2c(c3nsnc3c1C)N(C)CC2,7,16,1.47,235.077933,1,0,0,0,0,0
1115,CC(C)Cc1c2c(cc3nsnc13)OCC2C,4,17,1.45,248.0983341,1,0,0,0,0,0
1116,CC1Cc2cc3nsnc3cc2N(C)C1,3,15,1.38,219.0830184,1,0,0,0,0,0
1117,CCCCc1ccc(OC(C)C)c2nsnc12,4,17,1.62,250.1139842,1,0,0,0,0,0
1118,CCC(C)c1c2c(cc3nsnc13)N(C)CN2CC,6,19,1.06,276.1408676,1,1,0,0,0,0
1120,CCN1CN(C)c2c1cc1nsnc1c2N(C)C,7,18,1.07,263.1204665,1,1,0,0,0,0
1121,CCN(C)CCOc1ccc2nsnc2c1,4,16,1.57,237.0935831,1,0,0,0,0,0
1123,Cc1c2c(cc3nsnc13)COCC2,5,14,1.6,206.0513839,1,0,0,0,0,0
1125,Cc1c(C)c(C)c2nsnc2c1C,8,13,1.41,192.0721194,1,0,0,0,0,0
1127,CCc1cc2c(c3nsnc13)N(C)C(C)C2,5,16,1.47,233.0986685,1,0,0,0,0,0
1128,CN(C)c1c2c(cc3nsnc13)OCCO2,3,16,1.47,237.0571976,1,0,0,1,0,0
1129,CCNc1c2c(c(CC)c3nsnc13)N(C)CN2C,8,19,1.3,277.1361166,1,1,0,0,0,0
1130,CCC(C)Oc1cc(OC)c2nsnc2c1,4,16,1.47,238.0775987,1,0,0,0,0,0
1131,CCCOc1c2c(cc3nsnc13)C1CCC2CC1,2,19,1.43,274.1139842,1,0,0,0,0,1
1132,CCCNc1c2c(c(C(C)C)c3nsnc13)C1CCC2C1,4,21,1.29,301.1612687,1,0,0,0,1,0
1133,CCCN1CCN(CCC)c2cc3nsnc3cc21,4,19,1.14,276.1408676,1,0,1,0,0,0
1134,CN(C)c1c2c(cc3nsnc13)C1CCC2CC1,3,18,1.48,259.1143185,1,0,0,0,0,1
1135,CCC1Oc2cc3nsnc3c(OC)c2OC1C,6,18,1.55,266.0725133,1,0,0,1,0,0
1136,CCCNc1c2c(cc3nsnc13)CC(C)C2,4,17,1.42,247.1143185,1,0,0,0,0,0
1137,COc1cc2nsnc2c(C)c1C(C)C,6,15,1.43,222.0826841,1,0,0,0,0,0
1138,CNc1cc2c(c3nsnc13)N(C)CCO2,4,16,1.39,236.073182,1,0,0,0,0,0
1139,COC1N(C(C)C)c2cc3nsnc3cc2N1C(C)C,6,20,1.2,292.1357823,1,1,0,0,0,0
1140,CCOc1c2c(cc3nsnc13)C(C)(C)CO2,4,17,1.53,250.0775987,1,0,0,0,0,0
1141,CCNc1c2c(cc3nsnc13)C(C)CC2,4,16,1.43,233.0986685,1,0,0,0,0,0
1143,Cc1c2c(cc3nsnc13)OCCN(C)C2,6,16,1.6,235.077933,1,0,0,0,0,0
1144,CNc1cc2c(c3nsnc13)OCC(C)O2,4,16,1.44,237.0571976,1,0,0,0,0,0
1145,CCN(C)CCNc1cccc2nsnc12,4,16,1.51,236.1095675,1,0,0,0,0,0
1146,CCN1CCN(C)c2c1c(C(C)C)c1nsnc1c2C,8,20,1.26,290.1565177,1,0,1,0,0,0
1147,CCCOc1ccc2nsnc2c1,2,13,1.65,194.0513839,1,0,0,0,0,0
1148,CCCOc1ccc(C(C)CC)c2nsnc12,4,17,1.53,250.1139842,1,0,0,0,0,0
1149,CCOc1cc(NC)c2nsnc2c1OC,6,16,1.46,239.0728477,1,0,0,0,0,0
1151,Cc1cc2nsnc2c2c1CCCO2,4,14,1.5,206.0513839,1,0,0,0,0,0
1152,CCN(CC)c1ccc2nsnc2c1C,5,15,1.54,221.0986685,1,0,0,0,0,0
1153,Cc1c2c(cc3nsnc13)CC(C)O2,4,14,1.45,206.0513839,1,0,0,0,0,0
1154,CCN(CC)c1ccc2nsnc2c1OC,5,16,1.53,237.0935831,1,0,0,0,0,0
1155,CCOc1c(CC)cc2nsnc2c1C,6,15,1.56,222.0826841,1,0,0,0,0,0
1156,CCCNc1c2c(c(OCC)c3nsnc13)C1CCC2C1,4,21,1.4,303.1405333,1,0,0,0,1,0
1157,CC(C)CN1CCN(C)c2cc3nsnc3cc21,4,18,1.15,262.1252176,1,0,1,0,0,0
1158,CCCN1CN(C)c2cc3nsnc3c(N(C)C)c21,7,19,1.09,277.1361166,1,1,0,0,0,0
1159,COc1c2c(cc3nsnc13)OC(C)C(C)O2,6,17,1.55,252.0568632,1,0,0,1,0,0
1160,CNc1c2c(cc3nsnc13)C(C)(C)CO2,4,16,1.43,235.077933,1,0,0,0,0,0
1161,CCC(C)c1c2c(c(C)c3nsnc13)C1CCC2CC1,4,20,1.33,286.1503697,1,0,0,0,0,1
1162,CC(C)COc1c2c(cc3nsnc13)N(C)CN2C,6,19,1.2,278.1201322,1,1,0,0,0,0
1163,CCOCCN(C)c1cccc2nsnc12,4,16,1.53,237.0935831,1,0,0,0,0,0
1164,CN(C)CCc1c2c(cc3nsnc13)N(C)CCN2C,8,20,1.19,291.1517667,1,0,1,0,0,0
1165,Cc1cc2nsnc2c2c1CCC2,4,13,1.51,190.0564693,1,0,0,0,0,0
1166,CCOc1c2c(cc3nsnc13)N(C)CCN2C(C)CC,6,21,1.25,306.1514323,1,0,1,0,0,0
1167,CCCOc1cc2nsnc2cc1CCC,4,16,1.46,236.0983341,1,0,0,0,0,0
1168,CCC(C)N(CC)c1ccc2nsnc2c1,3,16,1.42,235.1143185,1,0,0,0,0,0
1170,CCc1c2c(cc3nsnc13)C(C)CC2,4,15,1.48,218.0877694,1,0,0,0,0,0
1172,CC1COc2c1c(N(C)C)cc1nsnc21,5,16,1.5,235.077933,1,0,0,0,0,0
1173,CCN1CCOc2cc(C)c3nsnc3c21,4,16,1.42,235.077933,1,0,0,0,0,0
1174,CCC(C)c1cc2c(c3nsnc13)CC(C)C2,4,17,1.51,246.1190696,1,0,0,0,0,0
1175,CNc1c(C)c(C(C)C)cc2nsnc12,6,15,1.51,221.0986685,1,0,0,0,0,0
1176,CCCOc1cc(CC)c2nsnc2c1,4,15,1.49,222.0826841,1,0,0,0,0,0
1177,COCCN(C)c1c2c(cc3nsnc13)C1CCC2C1,4,20,1.46,289.1248832,1,0,0,0,1,0
1178,CCCN1CCOc2ccc3nsnc3c21,2,16,1.47,235.077933,1,0,0,0,0,0
1179,CCCOc1c(OC)c(C)cc2nsnc12,6,16,1.61,238.0775987,1,0,0,0,0,0
1180,Cc1c2c(c(C)c3nsnc13)OC(CC(C)C)CO2,6,19,1.41,278.1088988,1,0,0,1,0,0
1181,CCOc1c2c(cc3nsnc13)N(CC(C)C)CN2C,6,20,1.1,292.1357823,1,1,0,0,0,0
1182,CCc1c2c(cc3nsnc13)OC(C(C)C)CO2,4,18,1.47,264.0932488,1,0,0,1,0,0
1183,Cc1c2c(cc3nsnc13)N(C)C(C)C2,5,15,1.29,219.0830184,1,0,0,0,0,0
1184,CCOc1cc(C)c(OCC)c2nsnc12,6,16,1.48,238.0775987,1,0,0,0,0,0
1185,COc1cc2c(c3nsnc13)C(C)(C)CO2,4,16,1.49,236.0619486,1,0,0,0,0,0
1186,COc1cc2nsnc2c2c1C(C)CN2,4,15,1.43,221.062283,1,0,0,0,0,0
1187,CCNc1c2c(c(NC)c3nsnc13)OCCO2,4,18,1.38,266.0837467,1,0,0,1,0,0
1188,CCC1Cc2c3c(c4nsnc4c2N1)CCC3,4,17,1.46,245.0986685,1,0,0,0,0,0
1189,CCCCN1CCN(C(C)C)c2cc3nsnc3c(C)c21,6,21,1.23,304.1721678,1,0,1,0,0,0
1190,CCc1c2c(c(NCC(C)C)c3nsnc13)C1CCC2CC1,4,22,1.36,315.1769188,1,0,0,0,0,1
1191,CCCCc1c2c(c(NCC)c3nsnc13)C1CCC2C1,4,21,1.33,301.1612687,1,0,0,0,1,0
1192,COc1c(C)c(C)cc2nsnc12,6,13,1.57,194.0513839,1,0,0,0,0,0
1194,COCCOc1cc2nsnc2cc1OC,5,16,1.55,240.0568632,1,0,0,0,0,0
1195,CCc1cc(OCC(C)C)c2nsnc2c1,4,16,1.53,236.0983341,1,0,0,0,0,0
1196,COc1cc(N(C)C)c2nsnc2c1OC,7,16,1.51,239.0728477,1,0,0,0,0,0
1197,CCc1c2c(cc3nsnc13)COCCO2,5,16,1.63,236.0619486,1,0,0,0,0,0
1198,CCOc1cc(CCOC)c2nsnc2c1,5,16,1.51,238.0775987,1,0,0,0,0,0
1199,CCNc1c2c(cc3nsnc13)COCC2,5,16,1.53,235.077933,1,0,0,0,0,0
1201,CCOc1c2c(c(N(CC)CC)c3nsnc13)C1CCC2C1,5,22,1.35,317.1561834,1,0,0,0,1,0
1202,CC1CCc2c3c(c4nsnc4c2O1)CCO3,4,17,1.45,248.0619486,1,0,0,0,0,0
1203,CC(C)c1c2c(cc3nsnc13)OC(C(C)C)CO2,5,19,1.45,278.1088988,1,0,0,1,0,0
1204,CC(C)c1ccc2nsnc2c1,2,12,1.63,178.0564693,1,0,0,0,0,0
1205,CCc1c2c(c3nsnc3c1C)OCC2,6,15,1.53,220.067034,1,0,0,0,0,0
1206,CCNc1cc2c(c3nsnc13)N(C)CCO2,4,17,1.38,250.0888321,1,0,0,0,0,0
1207,c1c2c(cc3nsnc13)OCCOCCC2,3,16,1.64,236.0619486,1,0,0,0,0,0
1208,CCc1cc(C)c2nsnc2c1N(C)CC,7,16,1.52,235.1143185,1,0,0,0,0,0
1209,CCCCc1c(C)ccc2nsnc12,4,14,1.58,206.0877694,1,0,0,0,0,0
1210,CCc1c(C)c(OC)c2nsnc2c1C,8,15,1.52,222.0826841,1,0,0,0,0,0
1211,CCCN1CCN(C(C)CC)c2cc3nsnc3cc21,4,20,1.12,290.1565177,1,0,1,0,0,0
1212,CCOc1c2c(c(OCC)c3nsnc13)C1CCC2C1,4,20,1.5,290.1088988,1,0,0,0,1,0
1214,CCc1c(OC)c(N(C)C)cc2nsnc12,7,16,1.45,237.0935831,1,0,0,0,0,0
1215,CCCCc1ccc2nsnc2c1CC,4,15,1.57,220.1034195,1,0,0,0,0,0
1216,Cc1c(N(C)C)c(N(C)C)cc2nsnc12,8,16,1.38,236.1095675,1,0,0,0,0,0
1217,CCOCCNc1c2c(c(OC)c3nsnc13)C1CCC2C1,5,22,1.42,319.1354479,1,0,0,0,1,0
1218,Cc1c2c(c(OCC(C)C)c3nsnc13)C1CCC2C1,4,20,1.43,288.1296343,1,0,0,0,1,0
1219,COc1c(C)c2c(c3nsnc13)CC(C)O2,6,16,1.52,236.0619486,1,0,0,0,0,0
1220,CCCOc1ccc(OC(C)C)c2nsnc12,4,17,1.61,252.0932488,1,0,0,0,0,0
1221,CCC(C)Nc1c2c(cc3nsnc13)OCCO2,2,18,1.49,265.0884977,1,0,0,1,0,0
1222,CC/C([O-])=[N+](\c1c2c(cc3nsnc13)C1CCC2C1)C(C)C,3,22,1.59,315.1405333,1,0,0,0,1,0
1223,CCN1CN(CC(C)C)c2c1cc1nsnc1c2C,6,19,1.1,276.1408676,1,1,0,0,0,0
1224,CCCCc1c2c(c(CC)c3nsnc13)OCCO2,4,19,1.4,278.1088988,1,0,0,1,0,0
1225,COC1CN(C)c2c1ccc1nsnc21,4,15,1.57,221.062283,1,0,0,0,0,0
1226,COc1c(C)cc(C)c2nsnc12,6,13,1.48,194.0513839,1,0,0,0,0,0
1228,CCc1cc(NC)c2nsnc2c1OC,6,15,1.49,223.077933,1,0,0,0,0,0
1229,CCCc1cc2nsnc2cc1OC(C)C,4,16,1.5,236.0983341,1,0,0,0,0,0
1230,CCCCc1c2c(c(NC)c3nsnc13)OCCO2,5,19,1.37,279.1041478,1,0,0,1,0,0
1231,CCCN1CCN(C)c2cc3nsnc3c(NC(C)C)c21,6,21,1.18,305.1674167,1,0,1,0,0,0
1232,CNc1cc(N(C)C)c(OC)c2nsnc12,7,16,1.44,238.0888321,1,0,0,0,0,0
1234,CCNc1c2c(cc3nsnc13)C1CCC2CC1,2,18,1.42,259.1143185,1,0,0,0,0,1
1235,CC1CCc2c1c1c(c3nsnc23)NCC1C,4,17,1.48,245.0986685,1,0,0,0,0,0
1236,CCC(C)Nc1cccc2nsnc12,2,14,1.5,207.0830184,1,0,0,0,0,0
1237,CCc1c2c(c(N(CC)CC)c3nsnc13)C1CCC2C1,5,21,1.33,301.1612687,1,0,0,0,1,0
1238,CCOc1cc2nsnc2cc1C(C)C,4,15,1.49,222.0826841,1,0,0,0,0,0
1239,COc1cc(OC(C)C)c(C)c2nsnc12,6,16,1.53,238.0775987,1,0,0,0,0,0
1240,CN1CCOc2c3c(c4nsnc4c21)CCO3,4,17,1.38,249.0571976,1,0,0,0,0,0
1241,CNc1c2c(cc3nsnc13)CC(C)N2C,5,16,1.28,234.0939174,1,0,0,0,0,0
1243,Cc1c2c(cc3nsnc13)N(C)CCN2C,6,16,1.29,234.0939174,1,0,1,0,0,0
1244,CCOc1cc2c(c3nsnc13)OC(CC)C2,4,17,1.65,250.0775987,1,0,0,0,0,0
1245,CCNc1c2c(c(C(C)CC)c3nsnc13)C1CCC2CC1,4,22,1.41,315.1769188,1,0,0,0,0,1
1246,CCCN(CC)c1ccc2nsnc2c1C,5,16,1.53,235.1143185,1,0,0,0,0,0
1247,CCc1c2c(c(CC)c3nsnc13)OCC2,6,16,1.38,234.0826841,1,0,0,0,0,0
1248,CCN(C)c1c(C(C)C)ccc2nsnc12,5,16,1.57,235.1143185,1,0,0,0,0,0
1249,CCCc1c(C)cc2nsnc2c1OCC,6,16,1.57,236.0983341,1,0,0,0,0,0
1250,CCOc1cc(CC)c(C)c2nsnc12,6,15,1.62,222.0826841,1,0,0,0,0,0
1252,CC1CCOc2cc3nsnc3cc21,2,14,1.58,206.0513839,1,0,0,0,0,0
1253,CCN1CCc2cc3nsnc3c(C)c21,5,15,1.3,219.0830184,1,0,0,0,0,0
1254,COc1cc2c(c3nsnc13)N(C)CCC2,5,16,1.45,235.077933,1,0,0,0,0,0
1255,CC1Cc2c(c3c(c4nsnc24)OCCC3)O1,4,17,1.45,248.0619486,1,0,0,0,0,0
1257,CCC1CN(C)c2ccc3nsnc3c21,3,15,1.5,219.0830184,1,0,0,0,0,0
1258,CC(C)c1cc2nsnc2c2c1CCO2,4,15,1.58,220.067034,1,0,0,0,0,0
1260,CCN(c1c2c(cc3nsnc13)C1CCC2CC1)C(C)C,3,21,1.43,301.1612687,1,0,0,0,0,1
1261,CCCN1CCN(C)c2cc3nsnc3cc21,4,17,1.15,248.1095675,1,0,1,0,0,0
1262,CCCOCCc1c2c(cc3nsnc13)C1CCC2CC1,3,21,1.46,302.1452843,1,0,0,0,0,1
1263,COc1cc(N(C)C(C)C)cc2nsnc12,5,16,1.38,237.0935831,1,0,0,0,0,0
1264,CCC1Oc2ccc3nsnc3c2OC1C,3,16,1.57,236.0619486,1,0,0,0,0,0
1265,CCc1c2c(cc3nsnc13)N(C)CCO2,4,16,1.3,235.077933,1,0,0,0,0,0
1267,CC1CN(C(C)C)c2cc3nsnc3cc21,3,16,1.32,233.0986685,1,0,0,0,0,0
1268,CCCc1cc(OC)c(NC)c2nsnc12,6,16,1.47,237.0935831,1,0,0,0,0,0
1270,CCc1cc2nsnc2c(N(C)C)c1OC,7,16,1.52,237.0935831,1,0,0,0,0,0
1271,CCCc1cc2nsnc2c2c1OCC2,4,15,1.53,220.067034,1,0,0,0,0,0
1272,CCC(C)Oc1cc(OC)cc2nsnc12,4,16,1.56,238.0775987,1,0,0,0,0,0
1273,CCC(C)c1ccc(C(C)C)c2nsnc12,4,16,1.49,234.1190696,1,0,0,0,0,0
1274,Cc1c2c(c3nsnc3c1C)OCC2C,6,15,1.53,220.067034,1,0,0,0,0,0
1276,CCc1cc(C)c2nsnc2c1NC,6,14,1.46,207.0830184,1,0,0,0,0,0
1277,CN(C)c1c2c(cc3nsnc13)CCO2,5,15,1.45,221.062283,1,0,0,0,0,0
1278,COc1cc(C)c2nsnc2c1N(C)C,7,15,1.58,223.077933,1,0,0,0,0,0
1279,Cc1ccc(N(C)CC(C)C)c2nsnc12,5,16,1.44,235.1143185,1,0,0,0,0,0
1280,c1c2c(cc3nsnc13)C1CCC2CC1,4,15,1.52,216.0721194,1,0,0,0,0,1
1281,CCCOCCN(C)c1c2c(cc3nsnc13)C1CCC2C1,4,22,1.41,317.1561834,1,0,0,0,1,0
1283,CCC(C)c1c2c(cc3nsnc13)OC(C)CO2,4,18,1.45,264.0932488,1,0,0,1,0,0
1284,CCN1CCN(C)c2c1cc1nsnc1c2/[NH+]=C(\C)[O-],6,20,1.46,291.1153812,1,0,1,0,0,0
1285,CCOc1cc2nsnc2c(OC)c1OC,6,16,1.55,240.0568632,1,0,0,0,0,0
1287,CCCNc1c2c(c(CCC)c3nsnc13)C1CCC2CC1,4,22,1.36,315.1769188,1,0,0,0,0,1
1288,CN(C)c1cc2nsnc2c2c1CCCN2,5,16,1.4,234.0939174,1,0,0,0,0,0
1289,CNc1c(N(C)C(C)C)ccc2nsnc12,5,16,1.53,236.1095675,1,0,0,0,0,0
1290,CCc1c2c(cc3nsnc13)N(C)C(C)C2,5,16,1.29,233.0986685,1,0,0,0,0,0
1291,CCOc1c2c(c(CCOC)c3nsnc13)C1CCC2CC1,5,22,1.48,318.1401989,1,0,0,0,0,1
1292,COCCN1CCN(C)c2c1cc1nsnc1c2C(C)C,7,21,1.28,306.1514323,1,0,1,0,0,0
1293,CCC(C)Nc1c2c(cc3nsnc13)CCC2,4,17,1.53,247.1143185,1,0,0,0,0,0
1294,CCN(CC)c1c2c(c(C)c3nsnc13)OCCO2,6,19,1.38,279.1041478,1,0,0,1,0,0
1295,CCN1CCN(CC)c2c1cc1nsnc1c2OC(C)C,6,21,1.25,306.1514323,1,0,1,0,0,0
1296,CC1CCc2ccc3nsnc3c21,2,13,1.58,190.0564693,1,0,0,0,0,0
1297,CCc1ccc(NC)c2nsnc12,4,13,1.47,193.0673684,1,0,0,0,0,0
1298,CCCOc1c(CC)c(C)cc2nsnc12,6,16,1.57,236.0983341,1,0,0,0,0,0
1299,CC(C)OCCNc1c2c(cc3nsnc13)OCCO2,4,20,1.46,295.0990624,1,0,0,1,0,0
1301,Cc1cc2nsnc2c2c1OCC2C,4,14,1.51,206.0513839,1,0,0,0,0,0
1302,CNc1c2c(cc3nsnc13)CCCN2C,5,16,1.42,234.0939174,1,0,0,0,0,0
1303,CCCc1c2c(c(OC)c3nsnc13)C1CCC2CC1,4,20,1.46,288.1296343,1,0,0,0,0,1
1304,CC1COc2c(cc(C(C)C)c3nsnc23)O1,4,17,1.51,250.0775987,1,0,0,0,0,0
1305,COc1c(C)c2c(c3nsnc13)CCN2C,7,16,1.48,235.077933,1,0,0,0,0,0
1307,CC(C)Cc1c2c(c(N(C)C)c3nsnc13)C1CCC2C1,5,21,1.37,301.1612687,1,0,0,0,1,0
1308,CCN1CN(C)c2c1cc1nsnc1c2CC(C)C,6,19,1.08,276.1408676,1,1,0,0,0,0
1309,CCCc1c(C)c(CC)cc2nsnc12,6,15,1.49,220.1034195,1,0,0,0,0,0
1310,CCNc1c2c(c(N(C)C)c3nsnc13)OCCO2,5,19,1.38,280.0993968,1,0,0,1,0,0
1311,COCCN1CCN(C)c2c1cc1nsnc1c2C,7,19,1.3,278.1201322,1,0,1,0,0,0
1312,CC(C)CN1CCN(C)c2cc3nsnc3c(N(C)C)c21,7,21,1.25,305.1674167,1,0,1,0,0,0
1314,COc1c2c(cc3nsnc13)N(C)C(OC)N2C,8,18,1.27,266.0837467,1,1,0,0,0,0
1315,COc1cc2nsnc2cc1C(C)C,4,14,1.5,208.067034,1,0,0,0,0,0
1316,CCCc1cc2c(c3nsnc13)NCCO2,3,16,1.45,235.077933,1,0,0,0,0,0
1317,CCNc1c(C)c(N(C)C)cc2nsnc12,7,16,1.46,236.1095675,1,0,0,0,0,0
1318,CCCN1CN(C)c2c1c(C)c1nsnc1c2OC,8,19,1.19,278.1201322,1,1,0,0,0,0
1319,C1Cc2c(c3c(c4nsnc24)OCC3)O1,4,15,1.54,220.0306485,1,0,0,0,0,0
1320,CC1COc2c(c3c(c4nsnc24)CCO3)O1,4,17,1.45,250.0412132,1,0,0,0,0,0
1321,COc1c2c(c(NCC(C)C)c3nsnc13)C1CCC2CC1,4,22,1.45,317.1561834,1,0,0,0,0,1
1322,COc1c2c(c(OC)c3nsnc13)C1CCC2C1,4,18,1.52,262.0775987,1,0,0,0,1,0
1323,CCOc1c2c(c(OC)c3nsnc13)OC(C)CO2,6,19,1.57,282.0674279,1,0,0,1,0,0
1324,Cc1ccc(OCC(C)C)c2nsnc12,4,15,1.55,222.0826841,1,0,0,0,0,0
1325,CNc1c(C)cc(N(C)C)c2nsnc12,7,15,1.48,222.0939174,1,0,0,0,0,0
1326,CCOc1c(OCC(C)C)ccc2nsnc12,4,17,1.69,252.0932488,1,0,0,0,0,0
1327,CCOc1ccc2nsnc2c1CC(C)C,4,16,1.55,236.0983341,1,0,0,0,0,0
1328,CCc1c(OC)c(OC)cc2nsnc12,6,15,1.46,224.0619486,1,0,0,0,0,0
1329,CCc1c2c(cc3nsnc13)N(C)CC2,5,15,1.29,219.0830184,1,0,0,0,0,0
1330,CNc1cc(OC)c(C(C)C)c2nsnc12,6,16,1.36,237.0935831,1,0,0,0,0,0
1331,COc1c(C(C)C)cc(C)c2nsnc12,6,15,1.69,222.0826841,1,0,0,0,0,0
1332,CCC(C)N1CCc2ccc3nsnc3c21,3,16,1.45,233.0986685,1,0,0,0,0,0
1333,CCc1c2c(c(OC)c3nsnc13)CCO2,6,16,1.46,236.0619486,1,0,0,0,0,0
1334,CCC(C)c1c2c(cc3nsnc13)C1CCC2C1,2,18,1.39,258.1190696,1,0,0,0,1,0
1335,CCCNc1c(C)c(OC)cc2nsnc12,6,16,1.39,237.0935831,1,0,0,0,0,0
1336,CN1CCNc2c1ccc1nsnc21,2,14,1.44,206.0626173,1,0,0,0,0,0
1337,CCOc1c2c(c(NC)c3nsnc13)N(C)CCN2C,8,20,1.34,293.1310312,1,0,1,0,0,0
1339,CNc1c(OC)c(C)c(OC)c2nsnc12,8,16,1.52,239.0728477,1,0,0,0,0,0
1340,CCc1c(C)cc2nsnc2c1N(C)C,7,15,1.53,221.0986685,1,0,0,0,0,0
1342,CCCOc1cc(CC)cc2nsnc12,4,15,1.61,222.0826841,1,0,0,0,0,0
1343,CCCN1CCN(C)c2c1c(NC)c1nsnc1c2C,8,20,1.38,291.1517667,1,0,1,0,0,0
1344,COc1cc2c(c3nsnc13)CCCO2,4,15,1.46,222.0462986,1,0,0,0,0,0
1345,Cc1ccc2nsnc2c1OCC(C)C,4,15,1.53,222.0826841,1,0,0,0,0,0
1346,Cc1cc2c(c3nsnc13)CC(C)CO2,4,15,1.47,220.067034,1,0,0,0,0,0
1347,CCCCOCCc1c2c(cc3nsnc13)C1CCC2C1,3,21,1.42,302.1452843,1,0,0,0,1,0
1349,C1Cc2c3c(c4nsnc4c2N1)OCCO3,3,16,1.47,235.0415475,1,0,0,0,0,0
1350,CCCC1COc2cc(C)c3nsnc3c2O1,4,17,1.52,250.0775987,1,0,0,0,0,0
1351,COc1cc2nsnc2c2c1CCOC2,5,15,1.52,222.0462986,1,0,0,0,0,0
1352,CCCc1c2c(cc3nsnc13)N(CC(C)C)CN2C,6,20,1.02,290.1565177,1,1,0,0,0,0
1353,COc1cc(N(C)C(C)C)c2nsnc2c1,5,16,1.44,237.0935831,1,0,0,0,0,0
1354,COc1c(C)cc(NC(C)C)c2nsnc12,6,16,1.49,237.0935831,1,0,0,0,0,0
1355,CC1Oc2cc3nsnc3cc2C1C,2,14,1.52,206.0513839,1,0,0,0,0,0
1356,Cc1cc2nsnc2c2c1OCC2,4,13,1.52,192.0357339,1,0,0,0,0,0
1357,CCCc1c2c(cc3nsnc13)OC(C)C2,4,16,1.44,234.0826841,1,0,0,0,0,0
1358,CCC1Cc2cc3nsnc3cc2CCO1,3,16,1.62,234.0826841,1,0,0,0,0,0
1359,CCN(C)c1c(OC)c(C)cc2nsnc12,7,16,1.47,237.0935831,1,0,0,0,0,0
1360,CCCOc1c2c(cc3nsnc13)OCC2C,4,17,1.52,250.0775987,1,0,0,0,0,0
1361,CCOCCc1c2c(cc3nsnc13)N(C)CCN2C,7,20,1.32,292.1357823,1,0,1,0,0,0
1362,CCOc1cc(C(C)CC)c2nsnc2c1,4,16,1.55,236.0983341,1,0,0,0,0,0
1363,CC(C)Cc1c2c(c(N(C)C)c3nsnc13)C1CCC2CC1,5,22,1.36,315.1769188,1,0,0,0,0,1
1364,CCOc1ccc2nsnc2c1NC(C)C,4,16,1.49,237.0935831,1,0,0,0,0,0
1365,CCN(C)c1cc(C(C)C)c2nsnc2c1,5,16,1.36,235.1143185,1,0,0,0,0,0
1367,CCCCc1c2c(c(CC)c3nsnc13)N(C)CCN2C,8,21,1.32,304.1721678,1,0,1,0,0,0
1368,CCCc1c2c(cc3nsnc13)N(CC)CN2C,6,18,1.08,262.1252176,1,1,0,0,0,0
1369,CC(C)Cc1c(C(C)C)ccc2nsnc12,4,16,1.53,234.1190696,1,0,0,0,0,0
1370,CCC(C)Nc1cc(C)c(C)c2nsnc12,6,16,1.41,235.1143185,1,0,0,0,0,0
1371,COCCc1cccc2nsnc12,3,13,1.65,194.0513839,1,0,0,0,0,0
1372,CCN1c2cc3nsnc3cc2CC1C,3,15,1.32,219.0830184,1,0,0,0,0,0
1373,CCC(C)c1c2c(c(NC)c3nsnc13)C1CCC2CC1,4,21,1.36,301.1612687,1,0,0,0,0,1
1374,CCc1c2c(cc3nsnc13)CCO2,4,14,1.45,206.0513839,1,0,0,0,0,0
1375,Cc1cc2c(c3nsnc13)CCCCN2C,5,16,1.45,233.0986685,1,0,0,0,0,0
1376,CCCc1cc2nsnc2cc1CCOC,5,16,1.57,236.0983341,1,0,0,0,0,0
1377,CCOc1c2c(c(C)c3nsnc13)OCC(CC)O2,6,19,1.48,280.0881634,1,0,0,1,0,0
1378,COc1c2c(c(CCN(C)C)c3nsnc13)C1CCC2CC1,6,22,1.49,317.1561834,1,0,0,0,0,1
1380,CCc1cc2c(c3nsnc13)OCCC2,4,15,1.5,220.067034,1,0,0,0,0,0
1381,CNc1cc2c(c3nsnc13)OC(C)C2,4,15,1.51,221.062283,1,0,0,0,0,0
1382,CCOc1cc(NC)c2nsnc2c1C,6,15,1.39,223.077933,1,0,0,0,0,0
1383,CCc1cc(OC(C)CC)c2nsnc2c1,4,16,1.58,236.0983341,1,0,0,0,0,0
1384,CCCc1c2c(c(CCC)c3nsnc13)C1CCC2C1,4,20,1.35,286.1503697,1,0,0,0,1,0
1385,COc1c2c(cc3nsnc13)CCN2C,5,15,1.4,221.062283,1,0,0,0,0,0
1386,CCCCOc1cc2nsnc2cc1OCC,4,17,1.53,252.0932488,1,0,0,0,0,0
1387,CCc1c2c(c(N(C)CCOC)c3nsnc13)C1CCC2C1,6,22,1.37,317.1561834,1,0,0,0,1,0
1388,CCCCN1CCN(C)c2c1c(C)c1nsnc1c2CC,8,21,1.26,304.1721678,1,0,1,0,0,0
1390,CC(C)OCCc1c2c(cc3nsnc13)OCCO2,3,19,1.49,280.0881634,1,0,0,1,0,0
1391,CC(C)N1CCCc2cc3nsnc3cc21,3,16,1.38,233.0986685,1,0,0,0,0,0
1392,COc1c2c(c(OC)c3nsnc13)OCCO2,4,17,1.59,254.0361278,1,0,0,1,0,0
1393,CCNc1c2c(cc3nsnc13)C(CC)CO2,4,17,1.43,249.0935831,1,0,0,0,0,0
1394,CCCN(CC)c1ccc2nsnc2c1,3,15,1.66,221.0986685,1,0,0,0,0,0
1395,CN(C)c1cc2c(c3nsnc13)OCC2,5,15,1.54,221.062283,1,0,0,0,0,0
1396,CCNc1c2c(c(C)c3nsnc13)N(C)CCN2C,8,19,1.35,277.1361166,1,0,1,0,0,0
1397,CCc1c2c(cc3nsnc13)N(C)CCN2CC,6,18,1.28,262.1252176,1,0,1,0,0,0
1398,CNc1cc(N(C)C)c(C)c2nsnc12,7,15,1.39,222.0939174,1,0,0,0,0,0
1399,CCCOc1c2c(c(C)c3nsnc13)C1CCC2CC1,4,20,1.54,288.1296343,1,0,0,0,0,1
1400,CCCc1cc(C)c(CCC)c2nsnc12,6,16,1.48,234.1190696,1,0,0,0,0,0
1401,Cc1c2c(c(CC(C)C)c3nsnc13)C1CCC2CC1,4,20,1.39,286.1503697,1,0,0,0,0,1
1402,CCOc1c(OC)c(C)c(C)c2nsnc12,8,16,1.57,238.0775987,1,0,0,0,0,0
1403,CNc1c(C)c(OC)c(C)c2nsnc12,8,15,1.45,223.077933,1,0,0,0,0,0
1404,CNc1c2c(c(C(C)C)c3nsnc13)OCCO2,4,18,1.35,265.0884977,1,0,0,1,0,0
1405,CCCc1c(C)cc(OC)c2nsnc12,6,15,1.5,222.0826841,1,0,0,0,0,0
1406,COc1cc2nsnc2c(OC(C)C)c1C,6,16,1.47,238.0775987,1,0,0,0,0,0
1408,CN(C)c1cc2c(c3nsnc13)CCC2,5,15,1.46,219.0830184,1,0,0,0,0,0
1409,CCc1c2c(cc3nsnc13)N(C(C)C)CCN2C,6,19,1.3,276.1408676,1,0,1,0,0,0
1410,Cc1cc2c(c3nsnc13)CCCO2,4,14,1.47,206.0513839,1,0,0,0,0,0
1411,CCC(C)Oc1cccc2nsnc12,2,14,1.69,208.067034,1,0,0,0,0,0
1413,CCC1COc2cc(OC)c3nsnc3c21,4,16,1.5,236.0619486,1,0,0,0,0,0
1414,CCOc1c2c(c(CC)c3nsnc13)OC(C)CO2,6,19,1.48,280.0881634,1,0,0,1,0,0
1415,CCC(C)Oc1c(C)c(C)cc2nsnc12,6,16,1.54,236.0983341,1,0,0,0,0,0
1416,COc1cc2nsnc2c2c1OCCC2,4,15,1.37,222.0462986,1,0,0,0,0,0
1418,CCC(C)Nc1c2c(cc3nsnc13)N(CC)CCN2C,6,21,1.21,305.1674167,1,0,1,0,0,0
1419,CCOc1cc2nsnc2c(C)c1OCC,6,16,1.46,238.0775987,1,0,0,0,0,0
1420,CN(C)c1cc2nsnc2c2c1CCN2C,6,16,1.4,234.0939174,1,0,0,0,0,0
1421,CCN(CC)c1cc(NC)c2nsnc2c1,5,16,1.25,236.1095675,1,0,0,0,0,0
1422,Cc1cc(OC(C)C)c2nsnc2c1C,6,15,1.57,222.0826841,1,0,0,0,0,0
1423,COC1COc2c(C)cc3nsnc3c21,5,15,1.58,222.0462986,1,0,0,0,0,0
1424,CCOc1c2c(c(N(C)C(C)C)c3nsnc13)C1CCC2C1,5,22,1.41,317.1561834,1,0,0,0,1,0
1425,COc1c2c(cc3nsnc13)OC(C)CC2,4,16,1.57,236.0619486,1,0,0,0,0,0
1426,CCc1c2c(cc3nsnc13)N(C(C)C)CCN2CC,6,20,1.24,290.1565177,1,0,1,0,0,0
1427,CCN1CCc2c1ccc1nsnc21,3,14,1.52,205.0673684,1,0,0,0,0,0
1429,CCCCOc1ccc(OCC)c2nsnc12,4,17,1.62,252.0932488,1,0,0,0,0,0
1430,CCC(C)c1cc(C)c(NC)c2nsnc12,6,16,1.45,235.1143185,1,0,0,0,0,0
1431,COCCOc1cccc2nsnc12,3,14,1.63,210.0462986,1,0,0,0,0,0
1432,CCOc1cc2c(c3nsnc13)NC(CC)C2,4,17,1.57,249.0935831,1,0,0,0,0,0
1434,Cc1c(N(C)C)cc2nsnc2c1N(C)C,8,16,1.43,236.1095675,1,0,0,0,0,0
1436,COc1cc(N(C)C)c2nsnc2c1C,7,15,1.44,223.077933,1,0,0,0,0,0
1437,CCOc1cc(NC)c2nsnc2c1NC,6,16,1.4,238.0888321,1,0,0,0,0,0
1438,CCN(C)c1c2c(c(N(C)CC)c3nsnc13)C1CCC2C1,6,22,1.28,316.1721678,1,0,0,0,1,0
1440,CCc1c2c(c(N(C)CC)c3nsnc13)C1CCC2CC1,5,21,1.4,301.1612687,1,0,0,0,0,1
1441,CCC1Cc2c(C(C)C)cc3nsnc3c2N1,4,17,1.5,247.1143185,1,0,0,0,0,0
1442,CCCOc1c2c(cc3nsnc13)N(CC)CCN2C,6,20,1.34,292.1357823,1,0,1,0,0,0
1443,CCCN1CN(C)c2cc3nsnc3c(OC(C)C)c21,6,20,1.19,292.1357823,1,1,0,0,0,0
1444,CCOc1c(OC)cc(OC)c2nsnc12,6,16,1.61,240.0568632,1,0,0,0,0,0
1445,CCCc1cccc2nsnc12,2,12,1.63,178.0564693,1,0,0,0,0,0
1447,CNc1cc(OCCOC)cc2nsnc12,5,16,1.4,239.0728477,1,0,0,0,0,0
1448,CC1COc2cc3nsnc3c(N(C)C)c2O1,6,17,1.47,251.0728477,1,0,0,1,0,0
1449,CCCc1cc(C)c2nsnc2c1NC,6,15,1.53,221.0986685,1,0,0,0,0,0
1452,CCC(C)N1CCN(C)c2c1c(C)c1nsnc1c2C,8,20,1.27,290.1565177,1,0,1,0,0,0
1453,CCc1c2c(c(OC)c3nsnc13)OCCO2,4,17,1.5,252.0568632,1,0,0,1,0,0
1454,CCc1cc(OC)c2nsnc2c1,4,13,1.54,194.0513839,1,0,0,0,0,0
1456,CCOc1cc2c(c3nsnc13)OCCN2C,4,17,1.52,251.0728477,1,0,0,0,0,0
1457,CCCCc1cc(OC)c2nsnc2c1,4,15,1.54,222.0826841,1,0,0,0,0,0
1458,COc1c2c(cc3nsnc13)OCCN2C,4,16,1.47,237.0571976,1,0,0,0,0,0
1459,CCNc1cc(N(C)C)c(C)c2nsnc12,7,16,1.39,236.1095675,1,0,0,0,0,0
1461,CCOc1c2c(cc3nsnc13)N(C)CN2CC(C)C,6,20,1.08,292.1357823,1,1,0,0,0,0
1462,CCc1ccc(N(CC)CC)c2nsnc12,5,16,1.41,235.1143185,1,0,0,0,0,0
1463,CCCN1CC(C)Cc2cc3nsnc3cc21,3,17,1.36,247.1143185,1,0,0,0,0,0
1464,CNc1c2c(cc3nsnc13)N(C)C(OC)N2C,8,18,1.13,265.0997311,1,1,0,0,0,0
1465,CCCN(C)c1c(C)cc(C)c2nsnc12,7,16,1.51,235.1143185,1,0,0,0,0,0
1466,CCCOc1c(C)cc(OC)c2nsnc12,6,16,1.57,238.0775987,1,0,0,0,0,0
1468,CCCN(C)c1ccc(OC)c2nsnc12,5,16,1.51,237.0935831,1,0,0,0,0,0
1469,CCc1c2c(c(C)c3nsnc13)N(CC)CCN2C,8,19,1.36,276.1408676,1,0,1,0,0,0
1470,CCc1c(OC)ccc2nsnc12,4,13,1.58,194.0513839,1,0,0,0,0,0
1471,CCc1cc2nsnc2c2c1OCC(C)O2,4,16,1.51,236.0619486,1,0,0,0,0,0
1473,c1cc2nsnc2c2c1CCCO2,2,13,1.56,192.0357339,1,0,0,0,0,0
1474,Cc1c2c(c(C)c3nsnc13)OC(C(C)C)CO2,6,18,1.4,264.0932488,1,0,0,1,0,0
1475,CC(C)COc1c2c(cc3nsnc13)OCCO2,3,18,1.56,266.0725133,1,0,0,1,0,0
1476,CCC1COc2cc3nsnc3cc21,2,14,1.53,206.0513839,1,0,0,0,0,0
1477,CC1Cc2c3c(c4nsnc4c2C1)OCCC3,4,17,1.46,246.0826841,1,0,0,0,0,0
1478,CCCc1cc(OC(C)C)c2nsnc2c1,4,16,1.62,236.0983341,1,0,0,0,0,0
1479,CNc1c2c(c(N(C)C(C)C)c3nsnc13)C1CCC2CC1,5,22,1.39,316.1721678,1,0,0,0,0,1
1480,CNc1c(CCOC)ccc2nsnc12,5,15,1.52,223.077933,1,0,0,0,0,0
1481,CCCNc1cc2c(c3nsnc13)OCC2,4,16,1.51,235.077933,1,0,0,0,0,0
1482,CCCC1Oc2cc3nsnc3cc2OC1C(C)CC,4,20,1.52,292.1245489,1,0,0,1,0,0
1483,CC(C)c1c2c(cc3nsnc13)N(C)CCN2C(C)C,6,20,1.2,290.1565177,1,0,1,0,0,0
1484,CCCCOc1c2c(cc3nsnc13)C1CCC2CC1,2,20,1.52,288.1296343,1,0,0,0,0,1
1485,CCC1Cc2c(cc3nsnc3c2C)N1C,5,16,1.2,233.0986685,1,0,0,0,0,0
1486,CCCN(c1ccc2nsnc2c1)C(C)C,3,16,1.43,235.1143185,1,0,0,0,0,0
1487,CCC(C)c1cc(OC)c(C)c2nsnc12,6,16,1.48,236.0983341,1,0,0,0,0,0
1488,CCOc1c2c(cc3nsnc13)OC(CC)C2,4,17,1.5,250.0775987,1,0,0,0,0,0
1490,Cc1cc(OCC(C)C)c2nsnc2c1C,6,16,1.58,236.0983341,1,0,0,0,0,0
1491,CCCN1CCN(C)c2c1ccc1nsnc21,3,17,1.41,248.1095675,1,0,0,0,0,0
1492,CCN1CCOc2cc3nsnc3cc21,2,15,1.34,221.062283,1,0,0,0,0,0
1493,CCC1Cc2c(ccc3nsnc23)O1,2,14,1.6,206.0513839,1,0,0,0,0,0
1494,CCC/C([O-])=[NH+]\c1c2c(cc3nsnc13)C1CCC2CC1,2,21,1.67,301.1248832,1,0,0,0,0,1
1495,C/C([O-])=[NH+]\c1c2c(cc3nsnc13)C1CCC2C1,2,18,1.63,259.077933,1,0,0,0,1,0
1496,[O-]C1=[NH+]c2c(ccc3nsnc23)CC1,2,14,1.76,205.0309828,1,0,0,0,0,0
1497,CCCCC1COc2c(ccc3nsnc23)O1,2,17,1.58,250.0775987,1,0,0,0,0,0
1498,CC1Oc2ccc3nsnc3c2C1C,2,14,1.59,206.0513839,1,0,0,0,0,0
1499,CCCc1c2c(cc3nsnc13)C1CCC2CC1,2,18,1.45,258.1190696,1,0,0,0,0,1
1500,CC(C)CC1COc2c(ccc3nsnc23)O1,2,17,1.58,250.0775987,1,0,0,0,0,0
1501,CC1(C)COc2ccc3nsnc3c21,2,14,1.59,206.0513839,1,0,0,0,0,0
1502,CCCC1COc2cc3nsnc3cc2O1,2,16,1.56,236.0619486,1,0,0,1,0,0
1503,CCC(C)c1c2c(cc3nsnc13)OCCO2,2,17,1.46,250.0775987,1,0,0,1,0,0
1504,Cc1cccc2nsnc12,2,10,1.64,150.0251692,1,0,0,0,0,0
1505,CCCCc1ccc2nsnc2c1,2,13,1.63,192.0721194,1,0,0,0,0,0
1506,CC/C([O-])=[NH+]\c1c2c(cc3nsnc13)C1CCC2C1,2,19,1.62,273.0935831,1,0,0,0,1,0
1507,CCN1CCOc2ccc3nsnc3c21,2,15,1.5,221.062283,1,0,0,0,0,0
1508,CC1COc2c1ccc1nsnc21,2,13,1.64,192.0357339,1,0,0,0,0,0
1509,CC1COc2cc3nsnc3cc21,2,13,1.53,192.0357339,1,0,0,0,0,0
1510,CCC1COc2cc3nsnc3cc2O1,2,15,1.56,222.0462986,1,0,0,1,0,0
1511,CCC(C)Oc1ccc2nsnc2c1,2,14,1.56,208.067034,1,0,0,0,0,0
1512,[O-]C1=[NH+]c2c(ccc3nsnc23)CCC1,2,15,1.74,219.0466329,1,0,0,0,0,0
1513,CCc1c2c(cc3nsnc13)OCCO2,2,15,1.49,222.0462986,1,0,0,1,0,0
1514,CCC1Cc2ccc3nsnc3c2[NH+]=C1[O-],2,16,1.75,233.062283,1,0,0,0,0,0
1515,CC1COc2ccc3nsnc3c2C1,2,14,1.54,206.0513839,1,0,0,0,0,0
1516,CCCC/C([O-])=[NH+]\c1cccc2nsnc12,2,16,1.81,235.077933,1,0,0,0,0,0
1517,CCCCNc1cccc2nsnc12,2,14,1.51,207.0830184,1,0,0,0,0,0
1518,CCC(C)N1CCOc2c1ccc1nsnc21,2,17,1.44,249.0935831,1,0,0,0,0,0
1519,CC/C([O-])=[NH+]\c1cccc2nsnc12,2,14,1.8,207.0466329,1,0,0,0,0,0
1520,c1c2c(cc3nsnc13)OCC2,2,12,1.52,178.0200838,1,0,0,0,0,0
1521,CNc1cccc2nsnc12,2,11,1.51,165.0360682,1,0,0,0,0,0
1522,c1cc2nsnc2c2c1OCCO2,1,13,1.59,194.0149984,1,0,0,0,0,0
1523,CCC1Cc2cc3nsnc3cc2O1,2,14,1.51,206.0513839,1,0,0,0,0,0
1524,Cc1c2c(cc3nsnc13)C1CCC2C1,2,15,1.42,216.0721194,1,0,0,0,1,0
1525,CC(C)N1CCOc2cc3nsnc3cc21,2,16,1.36,235.077933,1,0,0,0,0,0
1526,c1cc2nsnc2c2c1CCN2,2,12,1.55,177.0360682,1,0,0,0,0,0
1527,CC(C)N1CCOc2c1ccc1nsnc21,2,16,1.46,235.077933,1,0,0,0,0,0
1528,c1cc2nsnc2c2c1OCCCC2,2,14,1.55,206.0513839,1,0,0,0,0,0
1529,CC(C)Cc1c2c(cc3nsnc13)C1CCC2CC1,2,19,1.45,272.1347196,1,0,0,0,0,1
1530,CC(C)COc1cccc2nsnc12,2,14,1.59,208.067034,1,0,0,0,0,0
1531,CC(C)C1COc2c(ccc3nsnc23)O1,2,16,1.58,236.0619486,1,0,0,0,0,0
1532,CCOc1c2c(cc3nsnc13)C1CCC2CC1,2,18,1.43,260.0983341,1,0,0,0,0,1
1533,CC(C)CNc1c2c(cc3nsnc13)C1CCC2CC1,2,20,1.42,287.1456187,1,0,0,0,0,1
1534,CC1CCOc2ccc3nsnc3c21,2,14,1.53,206.0513839,1,0,0,0,0,0
1535,CC(C)/C([O-])=[NH+]\c1c2c(cc3nsnc13)OCCO2,2,19,1.7,279.0677623,1,0,0,1,0,0
1536,CC1CCc2cc3nsnc3cc21,2,13,1.55,190.0564693,1,0,0,0,0,0
1537,COc1cccc2nsnc12,2,11,1.61,166.0200838,1,0,0,0,0,0
1538,CCc1ccc2nsnc2c1,2,11,1.63,164.0408193,1,0,0,0,0,0
1539,CC(C)Nc1c2c(cc3nsnc13)C1CCC2C1,2,18,1.37,259.1143185,1,0,0,0,1,0
1540,CCC(C)Oc1c2c(cc3nsnc13)C1CCC2C1,2,19,1.47,274.1139842,1,0,0,0,1,0
1541,CCC1CNc2c1ccc1nsnc21,2,14,1.54,205.0673684,1,0,0,0,0,0
1542,CCOc1cccc2nsnc12,2,12,1.61,180.0357339,1,0,0,0,0,0
1543,CC(C)/C([O-])=[NH+]\c1c2c(cc3nsnc13)C1CCC2C1,2,20,1.63,287.1092332,1,0,0,0,1,0
1544,c1cc2nsnc2c2c1CCCCO2,2,14,1.63,206.0513839,1,0,0,0,0,0
1545,CC1COc2ccc3nsnc3c2O1,2,14,1.58,208.0306485,1,0,0,0,0,0
1546,CCC(C)/C([O-])=[NH+]\c1cccc2nsnc12,2,16,1.84,235.077933,1,0,0,0,0,0
1547,C1COc2c(c3c(c4nsnc24)OCCO3)O1,2,17,1.46,252.0204777,1,0,0,0,0,0
1548,c1cc2nsnc2c2c1CCO2,2,12,1.64,178.0200838,1,0,0,0,0,0
1549,CCCCN1CCOc2ccc3nsnc3c21,2,17,1.47,249.0935831,1,0,0,0,0,0
1550,CC1CNc2c(ccc3nsnc23)C1,2,14,1.48,205.0673684,1,0,0,0,0,0
1551,CCc1c2c(cc3nsnc13)C1CCC2CC1,2,17,1.4,244.1034195,1,0,0,0,0,1
1552,c1cc2nsnc2c2c1CCCC2,2,13,1.55,190.0564693,1,0,0,0,0,0
1553,c1c2c(cc3nsnc13)CCCC2,2,13,1.6,190.0564693,1,0,0,0,0,0
1554,CC(C)Cc1c2c(cc3nsnc13)OCCO2,2,17,1.48,250.0775987,1,0,0,1,0,0
1555,CCCC1COc2c(ccc3nsnc23)O1,2,16,1.58,236.0619486,1,0,0,0,0,0
1556,CC(C)/C([O-])=[NH+]\c1c2c(cc3nsnc13)C1CCC2CC1,2,21,1.65,301.1248832,1,0,0,0,0,1
1557,CC1CCC([O-])=[NH+]c2c1ccc1nsnc21,2,16,1.74,233.062283,1,0,0,0,0,0
1558,CCC(C)C1COc2cc3nsnc3cc2O1,2,17,1.55,250.0775987,1,0,0,1,0,0
1559,CCC1CC([O-])=[NH+]c2c1ccc1nsnc21,2,16,1.76,233.062283,1,0,0,0,0,0
1560,CC1CCc2c1ccc1nsnc21,2,13,1.6,190.0564693,1,0,0,0,0,0
1561,CN1CCOc2cc3nsnc3cc21,2,14,1.37,207.0466329,1,0,0,0,0,0
1562,CCCCNc1c2c(cc3nsnc13)C1CCC2CC1,2,20,1.42,287.1456187,1,0,0,0,0,1
1563,CC1COc2cc3nsnc3cc2C1,2,14,1.58,206.0513839,1,0,0,0,0,0
1564,CC(C)COc1ccc2nsnc2c1,2,14,1.65,208.067034,1,0,0,0,0,0
1565,CC(C)CC1COc2cc3nsnc3cc2O1,2,17,1.55,250.0775987,1,0,0,1,0,0
1566,CCC(C)Oc1c2c(cc3nsnc13)OCCO2,2,18,1.53,266.0725133,1,0,0,1,0,0
1567,CCCC/C([O-])=[NH+]\c1c2c(cc3nsnc13)OCCO2,2,20,1.69,293.0834123,1,0,0,1,0,0
1568,CC1Cc2cc3nsnc3cc2O1,2,13,1.51,192.0357339,1,0,0,0,0,0
1569,CC(C)Oc1cccc2nsnc12,2,13,1.69,194.0513839,1,0,0,0,0,0
1570,CC1(C)CNc2c1ccc1nsnc21,2,14,1.55,205.0673684,1,0,0,0,0,0
1571,CC1CCc2c(ccc3nsnc23)O1,2,14,1.54,206.0513839,1,0,0,0,0,0
1572,CCC1COc2c1ccc1nsnc21,2,14,1.64,206.0513839,1,0,0,0,0,0
1573,CCOc1c2c(cc3nsnc13)C1CCC2C1,2,17,1.49,246.0826841,1,0,0,0,1,0
1574,CC(C)C/C([O-])=[NH+]\c1c2c(cc3nsnc13)OCCO2,2,20,1.69,293.0834123,1,0,0,1,0,0
1575,CCC(C)c1c2c(cc3nsnc13)C1CCC2CC1,2,19,1.42,272.1347196,1,0,0,0,0,1
1576,CC(C)Oc1c2c(cc3nsnc13)C1CCC2CC1,2,19,1.51,274.1139842,1,0,0,0,0,1
1577,CC(C)c1c2c(cc3nsnc13)C1CCC2CC1,2,18,1.43,258.1190696,1,0,0,0,0,1
1578,C/C([O-])=[NH+]\c1c2c(cc3nsnc13)C1CCC2CC1,2,19,1.66,273.0935831,1,0,0,0,0,1
1579,c1cc2nsnc2c2c1CCCCN2,2,14,1.56,205.0673684,1,0,0,0,0,0
1580,CC1CCc2ccc3nsnc3c2O1,2,14,1.54,206.0513839,1,0,0,0,0,0
1581,CCCC/C([O-])=[NH+]\c1c2c(cc3nsnc13)C1CCC2C1,2,21,1.62,301.1248832,1,0,0,0,1,0
1582,CN1CCOc2ccc3nsnc3c21,2,14,1.51,207.0466329,1,0,0,0,0,0
1583,CC(C)C/C([O-])=[NH+]\c1cccc2nsnc12,2,16,1.82,235.077933,1,0,0,0,0,0
1584,CCC(C)C1COc2ccc3nsnc3c2O1,2,17,1.58,250.0775987,1,0,0,0,0,0
1585,C1COc2c3c(c4nsnc4c2N1)OCCO3,2,17,1.41,251.0364621,1,0,0,0,0,0
1586,CCC1Cc2ccc3nsnc3c2O1,2,14,1.63,206.0513839,1,0,0,0,0,0
1587,CCCCC1COc2ccc3nsnc3c2O1,2,17,1.58,250.0775987,1,0,0,0,0,0
1588,CCC(C)Nc1c2c(cc3nsnc13)C1CCC2CC1,2,20,1.41,287.1456187,1,0,0,0,0,1
1589,CCCCc1c2c(cc3nsnc13)C1CCC2CC1,2,19,1.4,272.1347196,1,0,0,0,0,1
1590,CC1CC([O-])=[NH+]c2c(ccc3nsnc23)C1,2,16,1.74,233.062283,1,0,0,0,0,0
1591,COc1ccc2nsnc2c1,2,11,1.66,166.0200838,1,0,0,0,0,0
1592,c1ccc2nsnc2c1,0,9,1.71,136.0095191,1,0,0,0,0,0
1593,C/C([O-])=[NH+]\c1cccc2nsnc12,2,13,1.82,193.0309828,1,0,0,0,0,0
